"id","name","practice","motion_profile","primary","secondary","side_sequence","mode","presentation","hold_frame_percent","media_source_id","file","url","start_seconds","duration_seconds","frames_per_second","crop","ping_pong","mirror_for_alternation","review"
"15","Alternating Standing Hamstring Curls","Bodyweight conditioning","StandingHamstringCurl","PosteriorThighAndKneeFlexors","GlutealExtensors|HipAbductors|DeepAndIntersegmentalBack|CalfDeepPosteriorLegAndPlantarFoot","Continuous","Repetition","Motion","0","","FGB_9YVUmfY.mp4","https://www.youtube.com/watch?v=FGB_9YVUmfY","15","25","8","crop=ih:ih:(iw-ih)/2:0","false","false","A full human demonstration shows the complete named movement without equipment, support, jumping, travel outside three metres, or hidden resistance."
"16","Split-Stance Toe Raises","Standing ankle strengthening","ToeRaise","AnteriorLateralLowerLegAndDorsalFoot","HipAbductors|GlutealExtensors|CalfDeepPosteriorLegAndPlantarFoot","ScreenRightThenLeft","Repetition","Motion","0","","w3wvasIXwP0.mp4","https://www.youtube.com/watch?v=w3wvasIXwP0","2","9","10","crop=ih:ih:(iw-ih)/2:0","false","false","A full human demonstration shows the complete named movement without equipment, support, jumping, travel outside three metres, or hidden resistance."
"17","Standing Toe-Touch Windmill","Standing mobility","ToeTouchWindmill","DeepAndIntersegmentalBack","PosteriorThighAndKneeFlexors|GlutealExtensors|AbdominalWall|CalfDeepPosteriorLegAndPlantarFoot","Continuous","Repetition","Motion","0","","FGB_9YVUmfY.mp4","https://www.youtube.com/watch?v=FGB_9YVUmfY","135","25","8","crop=ih:ih:(iw-ih)/2:0","false","false","A full human demonstration shows the complete named movement without equipment, support, jumping, travel outside three metres, or hidden resistance."
"19","Wide Plie Squat Pulses","Ballet conditioning","PliePulse","AccessoryHipAdductors","HipAbductors|DeepHipRotators|CalfDeepPosteriorLegAndPlantarFoot|AnteriorLateralLowerLegAndDorsalFoot","Continuous","Repetition","Motion","0","","2_lCvBvHRFI.mp4","https://www.youtube.com/watch?v=2_lCvBvHRFI","45","20","8","crop=ih:ih:(iw-ih)/2:0","false","false","A full human demonstration shows the complete named movement without equipment, support, jumping, travel outside three metres, or hidden resistance."
"20","Standing Rear-Leg Pulses","Standing lower-body conditioning","RearLegPulse","PosteriorThighAndKneeFlexors","GlutealExtensors|HipFlexors|CalfDeepPosteriorLegAndPlantarFoot|AnteriorLateralLowerLegAndDorsalFoot","ScreenLeftThenRight","Repetition","Motion","0","","2_lCvBvHRFI.mp4","https://www.youtube.com/watch?v=2_lCvBvHRFI","285","20","8","crop=ih:ih:(iw-ih)/2:0","false","false","A full human demonstration shows the complete named movement without equipment, support, jumping, travel outside three metres, or hidden resistance."
"31","High-Knee Overhead-Reach March","Low-impact conditioning","HighKneeOverheadReach","Soleus","CalfDeepPosteriorLegAndPlantarFoot|AnteriorLateralLowerLegAndDorsalFoot|HipFlexors","Continuous","Repetition","Motion","0","","6P_JPNPgXig.mp4","https://www.youtube.com/watch?v=6P_JPNPgXig","134","12","8","crop=ih:ih:(iw-ih)/2:0","false","false","A full human demonstration shows the complete named movement without equipment, support, jumping, travel outside three metres, or hidden resistance."
"41","Alternating Reverse Lunge with Knee Drive","Bodyweight conditioning","ReverseLungeKneeDrive","GlutealExtensors","PosteriorThighAndKneeFlexors|MedialAndDeepKneeExtensors|LateralKneeExtensors|HipFlexors|HipAbductors|AbdominalWall|CalfDeepPosteriorLegAndPlantarFoot","Continuous","Repetition","Motion","0","","alternating-reverse-lunge-knee-drive.mp4","https://www.youtube.com/watch?v=qXyN2GwK9xk","4","28,5","8","crop=ih:ih:(iw-ih)/2:0","false","false","Reviewed replacement: the exact human demonstration makes Alternating Reverse Lunge with Knee Drive immediately copyable without equipment, support, or excess travel."
"47","Tandem-Stance Head Turns","Balance and vestibular training","TandemHeadTurn","AnteriorLateralNeckAndHyoidMuscles","PosteriorNeckAndSuboccipitalMuscles|DeepAndIntersegmentalBack|AnteriorLateralLowerLegAndDorsalFoot","ScreenRightThenLeft","Repetition","Motion","0","","qH4_IVoWptU.mp4","https://www.youtube.com/watch?v=qH4_IVoWptU","12","10","8","crop=ih:ih:(iw-ih)/2:0","false","false","A full human demonstration shows the complete named movement without equipment, support, jumping, travel outside three metres, or hidden resistance."
"56","Shibashi Shallow Squat with Arm Float","Taiji Qigong Shibashi","SquatArmRaise","LateralKneeExtensors","MedialAndDeepKneeExtensors|AbdominalWall|ShoulderAbductors","Continuous","Repetition","Motion","0","","shibashi-set1.mp4","https://www.youtube.com/watch?v=PG1WGuzm7T0","10","8","8","crop=ih:ih:(iw-ih)/2:0","false","false","From a shallow squat, both hands float from thigh level to chest level and return as the knees bend and straighten. Unused chapter; distinct from the retained opening-the-chest form."
"59","Shibashi Side Shift with Rainbow Reach","Taiji Qigong Shibashi","SideReach","DeepAndIntersegmentalBack","ShoulderAbductors|HipAbductors|AccessoryHipAdductors|AbdominalWall","Continuous","Repetition","Motion","0","","shibashi-set1.mp4","https://www.youtube.com/watch?v=PG1WGuzm7T0","104","8","8","crop=ih:ih:(iw-ih)/2:0","false","false","The body shifts left and right while the arms make a large overhead rainbow; both directions are visible in the clip. Unused named chapter; no retained catalog name or source interval matches it."
"97","Standing Side-Kick Reach","Balance training","SideKickReach","AnteriorLateralLowerLegAndDorsalFoot","CalfDeepPosteriorLegAndPlantarFoot|Soleus","ScreenRightThenLeft","Repetition","Motion","0","","6P_JPNPgXig.mp4","https://www.youtube.com/watch?v=6P_JPNPgXig","873","12","8","crop=ih:ih:(iw-ih)/2:0","false","false","A full human demonstration shows the complete named movement without equipment, support, jumping, travel outside three metres, or hidden resistance."
"98","Shibashi Side Shift with Overhead Scoop","Taiji Qigong Shibashi","OverheadScoop","ShoulderAbductors","ScapularGirdle|HipAbductors|AccessoryHipAdductors|AbdominalWall","ScreenRightThenLeft","Repetition","Motion","0","","shibashi-set1.mp4","https://www.youtube.com/watch?v=PG1WGuzm7T0","280","8","8","crop=ih:ih:(iw-ih)/2:0","false","false","A shallow weight shift and knee bend accompanies one arm scooping a large imaginary ball overhead, then lowering it. Unused named chapter; one-side clip is suitable for the existing timed-side protocol."
"102","Squat with Overhead Arm Sweep","Bodyweight conditioning","Squat","LateralKneeExtensors","MedialAndDeepKneeExtensors|GlutealExtensors|HipAbductors|ShoulderAbductors|ScapularGirdle","Continuous","Repetition","Motion","0","102","","","","","","","","","The retained human clip plainly cycles through a squat, standing lateral arm sweep, and overhead reach."
"107","Wide Plie Squats","Ballet conditioning","PlieSquat","MedialAndDeepKneeExtensors","LateralKneeExtensors|GlutealExtensors","Continuous","Repetition","Motion","0","","2_lCvBvHRFI.mp4","https://www.youtube.com/watch?v=2_lCvBvHRFI","15","20","8","crop=ih:ih:(iw-ih)/2:0","false","false","A full human demonstration shows the complete named movement without equipment, support, jumping, travel outside three metres, or hidden resistance."
"115","Pistol Squat","Calisthenics","SingleLegSquat","LateralKneeExtensors","MedialAndDeepKneeExtensors|GlutealExtensors|HipFlexors|AbdominalWall|CalfDeepPosteriorLegAndPlantarFoot","ScreenLeftThenRight","Repetition","Motion","0","","pistol-squat.mp4","https://www.youtube.com/watch?v=H-8t44E0UxA","14.35","7.65","20","crop=ih:ih:(iw-ih)/2:0","false","false","A full-body unsupported human completes a controlled one-leg squat and returns to standing while only the planted foot touches the ground; the second side is mirrored."
"116","Alternating Cossack Squat","Bodyweight conditioning","CossackSquat","MajorHipAdductors","AccessoryHipAdductors|MedialAndDeepKneeExtensors|LateralKneeExtensors|GlutealExtensors|HipAbductors|DeepHipRotators","Continuous","Repetition","Motion","0","","alternating-cossack-squat-clear.mp4","https://www.youtube.com/watch?v=JdAoCU8wURA","0","10.5","8","crop=480:360:80:0","false","false","A full-body human alternates uninterrupted deep Cossack squats with both feet and leg roles continuously visible."
"117","Side-Lunge Hold","Bodyweight isometrics","SideLungeHold","LateralKneeExtensors","MedialAndDeepKneeExtensors|GlutealExtensors|MajorHipAdductors|HipAbductors","ScreenRightThenLeft","Hold","Still","5","123","","","","","","","false","false","A full-body human settles into a deep side lunge; the final posture makes the working side, stance, and depth obvious before the timer mirrors it."
"120","Split Squat Pulse","Bodyweight conditioning","SplitSquatPulse","MedialAndDeepKneeExtensors","LateralKneeExtensors|GlutealExtensors|PosteriorThighAndKneeFlexors|CalfDeepPosteriorLegAndPlantarFoot|AbdominalWall","ScreenRightThenLeft","Repetition","Motion","0","","split-squat-pulse.mp4","https://www.youtube.com/watch?v=Y6YDaqdhJ2U","0,2","17,4","8","crop=ih:ih:(iw-ih)/2:0","false","false","Reviewed replacement: the exact human demonstration makes Split Squat Pulse immediately copyable without equipment, support, or excess travel."
"126","Squat to Alternating Side Kick","Bodyweight conditioning","SquatSideKick","HipAbductors","LateralKneeExtensors|MedialAndDeepKneeExtensors|GlutealExtensors|AbdominalWall","Continuous","Repetition","Motion","0","","squat-alternating-side-kick-clear.mp4","https://www.youtube.com/watch?v=7HdqB0YSi1o","0","16,5","8","crop=ih*9/16:ih:(iw-ih*9/16)/2:0","false","false","A full-body human performs a deep bodyweight squat, rises into a controlled side kick, and repeats uninterrupted to the other side. Both feet and kick directions remain visible throughout the quiet, equipment-free sequence."
"133","Alternating Lateral Lunge with Overhead Reach","Bodyweight conditioning","LateralLungeReach","AccessoryHipAdductors","MajorHipAdductors|MedialAndDeepKneeExtensors|LateralKneeExtensors|GlutealExtensors|HipAbductors|ShoulderAbductors|ScapularGirdle|AbdominalWall","Continuous","Repetition","Motion","0","","alternating-lateral-lunge-overhead-reach.mp4","https://www.youtube.com/watch?v=6yc3U6qFGvU","0","21.5","8","crop=480:360:80:0","false","false","The unobstructed full-body human alternates side lunges and raises both arms overhead on every repetition."
"135","Overhead Squat Hold","Bodyweight isometrics","OverheadSquatHold","ShoulderAbductors","ScapularGirdle|RotatorCuff|LateralKneeExtensors|MedialAndDeepKneeExtensors|GlutealExtensors|AbdominalWall","Continuous","Hold","Still","38","113","","","","","","","false","false","A full-body human holds a deep squat with both arms fixed overhead, turning a weak arm gesture into an established whole-body shoulder-stability hold."
"146","Bodyweight Good Morning","Bodyweight conditioning","HipHinge","PosteriorThighAndKneeFlexors","GlutealExtensors|SpinalExtensors|DeepAndIntersegmentalBack|AbdominalWall","Continuous","Repetition","Motion","0","","bodyweight-good-morning.mp4","https://www.youtube.com/watch?v=nczH_7m1TnI","10,5","15,8","8","crop=ih:ih:(iw-ih)/2:0","false","false","Reviewed replacement: the exact human demonstration makes Bodyweight Good Morning immediately copyable without equipment, support, or excess travel."
"150","Wide-Squat Side-to-Side Shifts","Standing strength and mobility","WideSquatShift","AccessoryHipAdductors","MajorHipAdductors|HipFlexors","Continuous","Repetition","Motion","0","","2_lCvBvHRFI.mp4","https://www.youtube.com/watch?v=2_lCvBvHRFI","465","20","8","crop=ih:ih:(iw-ih)/2:0","false","false","A full human demonstration shows the complete named movement without equipment, support, jumping, travel outside three metres, or hidden resistance."
"159","Standing Hamstring Curl to Diagonal Extension","Standing strength and balance","LegCurlExtension","PosteriorThighAndKneeFlexors","GlutealExtensors|HipAbductors|DeepHipRotators|AbdominalWall","ScreenRightThenLeft","Repetition","Motion","0","159","","","","","","","","","The retained one-sided human clip clearly bends the raised knee and extends the foot diagonally back; the timed-side protocol supplies the other side."
"169","High-Knee Pulldown March","Low-impact conditioning","HighKneePulldown","HipFlexors","AbdominalWall","Continuous","Repetition","Motion","0","","FGB_9YVUmfY.mp4","https://www.youtube.com/watch?v=FGB_9YVUmfY","75","25","8","crop=ih:ih:(iw-ih)/2:0","false","false","A full human demonstration shows the complete named movement without equipment, support, jumping, travel outside three metres, or hidden resistance."
"176","Shibashi Squat with Diagonal Torso Turn","Taiji Qigong Shibashi","TorsoRotation","DeepHipRotators","DeepAndIntersegmentalBack|RotatorCuff|ScapularGirdle|AbdominalWall","ScreenLeftThenRight","Repetition","Motion","0","","shibashi-set1.mp4","https://www.youtube.com/watch?v=PG1WGuzm7T0","315","8","8","crop=ih:ih:(iw-ih)/2:0","false","false","From a shallow squat, the torso turns and both hands travel together up toward one rear diagonal before returning. Unused named chapter; one-side clip is suitable for the existing timed-side protocol."
"177","Standing Hip Airplane","Hip stability training","HipAirplane","DeepHipRotators","HipAbductors|GlutealExtensors|PosteriorThighAndKneeFlexors|SpinalExtensors|DeepAndIntersegmentalBack|AbdominalWall|CalfDeepPosteriorLegAndPlantarFoot","ScreenRightThenLeft","Repetition","Motion","0","","standing-hip-airplane-full-body.mp4","https://www.youtube.com/watch?v=orlH8p9llo4","0","12","8","crop=ih*4/3:ih:0:0","false","false","Reviewed replacement: a single unsupported demonstrator keeps the planted foot, lifted leg, torso, and arm relationship visible throughout the Standing Hip Airplane."
"179","Hip-Hinge Rear-Leg Raises","Standing posterior-chain conditioning","HipHingeRearLegRaise","PosteriorThighAndKneeFlexors","HipFlexors|MedialAndDeepKneeExtensors|LateralKneeExtensors","ScreenLeftThenRight","Repetition","Motion","0","","2_lCvBvHRFI.mp4","https://www.youtube.com/watch?v=2_lCvBvHRFI","315","20","8","crop=ih:ih:(iw-ih)/2:0","false","false","A full human demonstration shows the complete named movement without equipment, support, jumping, travel outside three metres, or hidden resistance."
"180","Standing Front Snap Kicks","Karate","FrontSnapKick","LateralKneeExtensors","MedialAndDeepKneeExtensors|HipFlexors","ScreenRightThenLeft","Repetition","Motion","0","","chuck-norris-private-lesson.mp4","https://www.youtube.com/watch?v=TIo6D2CO6uI","1050.4","10.4","8","crop=ih:ih:(iw-ih)/2:0","false","false","A full human demonstration shows the complete named movement without equipment, support, jumping, travel outside three metres, or hidden resistance."
"182","Capoeira Armada de Frente","Capoeira","MartialKick","HipFlexors","DeepHipRotators|AbdominalWall|HipAbductors|MajorHipAdductors","ScreenRightThenLeft","Repetition","Motion","0","","capoeira-armada-de-frente.mp4","https://www.youtube.com/watch?v=yVmPHq_VJ2Y","3","13,5","8","crop=ih:ih:(iw-ih)/2:0","false","false","Reviewed replacement: the exact human demonstration makes Capoeira Armada de Frente immediately copyable without equipment, support, or excess travel."
"183","Capoeira Queixada","Capoeira","MartialKick","HipAbductors","HipFlexors|DeepHipRotators|MajorHipAdductors|AbdominalWall|GlutealExtensors","ScreenRightThenLeft","Repetition","Motion","0","","capoeira-queixada.mp4","https://www.youtube.com/watch?v=msq6643BIGs","3","13,5","8","crop=ih:ih:(iw-ih)/2:0","false","false","Reviewed replacement: the exact human demonstration makes Capoeira Queixada immediately copyable without equipment, support, or excess travel."
"184","Split-Squat Hold","Bodyweight isometrics","SplitSquatHold","MedialAndDeepKneeExtensors","LateralKneeExtensors|GlutealExtensors|PosteriorThighAndKneeFlexors|CalfDeepPosteriorLegAndPlantarFoot|AbdominalWall","ScreenRightThenLeft","Hold","Still","50","","split-squat-pulse.mp4","https://www.youtube.com/watch?v=Y6YDaqdhJ2U","0.2","17.4","8","crop=480:360:0:0","false","false","A tightly cropped full-body human holds the bottom of a split squat with both feet and knee positions visible; the app mirrors the settled posture for the second side."
"185","Shibashi Side-to-Side Cloud Hands","Taiji Qigong Shibashi","CloudHands","DeepHipRotators","DeepAndIntersegmentalBack|HipAbductors|AccessoryHipAdductors|ScapularGirdle|RotatorCuff","Continuous","Repetition","Motion","0","","shibashi-set1.mp4","https://www.youtube.com/watch?v=PG1WGuzm7T0","390","8","8","crop=ih:ih:(iw-ih)/2:0","false","false","The body shifts side to side and rotates while the hands pass one another in large horizontal circles. Unused named chapter; distinct from retained generic torso twists and arm swings."
"186","Hip-Airplane Hold","Hip stability training","HipAirplaneHold","DeepHipRotators","HipFlexors|HipAbductors|GlutealExtensors|PosteriorThighAndKneeFlexors|SpinalExtensors|DeepAndIntersegmentalBack|AbdominalWall|CalfDeepPosteriorLegAndPlantarFoot","ScreenRightThenLeft","Hold","Still","50","","standing-hip-airplane-full-body.mp4","https://www.youtube.com/watch?v=orlH8p9llo4","0","12","8","crop=480:360:0:0","false","false","A single unsupported full-body human settles into the open hip-airplane position; the long-lever balance posture is complete in one frame and mirrors cleanly."
"187","Standing Heel-and-Toe Raises","Calf and ankle strengthening","HeelToeRaise","CalfDeepPosteriorLegAndPlantarFoot","Soleus|AnteriorLateralLowerLegAndDorsalFoot","Continuous","Repetition","Motion","0","","standing-heel-toe-raises.mp4","https://www.youtube.com/watch?v=hO69CIffzpY","1,5","17,5","8","crop=ih*0.62:ih*0.62:(iw-ih*0.62)/2:ih*0.38","false","false","Reviewed replacement: the exact human demonstration makes Standing Heel-and-Toe Raises immediately copyable without equipment, support, or excess travel."
"191","Unsupported Standing Toe Raises","Foot and ankle strengthening","ToeRaise","AnteriorLateralLowerLegAndDorsalFoot","","Continuous","Repetition","Motion","0","","unsupported-standing-toe-raises.mp4","https://www.youtube.com/watch?v=3dq8XJKZr2U","0,5","17,5","8","crop=ih:ih:iw-ih:0","false","false","Reviewed replacement: the exact human demonstration makes Unsupported Standing Toe Raises immediately copyable without equipment, support, or excess travel."
"192","Alternating Lateral Lunge with Knee Drive","Bodyweight conditioning","LateralLungeKneeDrive","AccessoryHipAdductors","MajorHipAdductors|MedialAndDeepKneeExtensors|LateralKneeExtensors|GlutealExtensors|HipAbductors|HipFlexors|AbdominalWall|CalfDeepPosteriorLegAndPlantarFoot","Continuous","Repetition","Motion","0","","alternating-lateral-lunge-knee-drive.mp4","https://www.youtube.com/watch?v=tPQ53p6Pt38","3,5","19","8","crop=ih:ih:(iw-ih)/2:0","false","false","Reviewed replacement: the exact human demonstration makes Alternating Lateral Lunge with Knee Drive immediately copyable without equipment, support, or excess travel."
"193","Wide-Squat Floor-to-Overhead Reach","Standing mobility","SquatOverheadReach","SpinalExtensors","PosteriorThighAndKneeFlexors|GlutealExtensors|AbdominalWall|ShoulderAbductors","Continuous","Repetition","Motion","0","","6P_JPNPgXig.mp4","https://www.youtube.com/watch?v=6P_JPNPgXig","248","12","8","crop=ih:ih:(iw-ih)/2:0","false","false","A full human demonstration shows the complete named movement without equipment, support, jumping, travel outside three metres, or hidden resistance."
"194","Heel Walks","Gait retraining","HeelWalk","AnteriorLateralLowerLegAndDorsalFoot","DeepAndIntersegmentalBack","Continuous","Repetition","Motion","0","","heel-walks.mp4","https://www.youtube.com/watch?v=TMHQy60monc","0,3","13,6","8","crop=ih:ih:(iw-ih)/2:0","false","false","Reviewed replacement: the exact human demonstration makes Heel Walks immediately copyable without equipment, support, or excess travel."
"195","Side Lunge to Knee-Up Balance","Balance training","LateralLungeKneeUpBalance","HipAbductors","MajorHipAdductors|AccessoryHipAdductors|MedialAndDeepKneeExtensors|LateralKneeExtensors|GlutealExtensors|DeepHipRotators|HipFlexors|CalfDeepPosteriorLegAndPlantarFoot|AnteriorLateralLowerLegAndDorsalFoot|AbdominalWall","ScreenRightThenLeft","Repetition","Motion","0","","side-lunge-knee-up-balance.mp4","https://www.youtube.com/watch?v=VVximx-YWeg","0","15","10","crop=ih:ih:(iw-ih)/2:0","false","false","A full-body human repeatedly steps into a deep side lunge and returns directly to a clear one-leg knee-up balance, with both defining phases visible throughout the clip."
"196","B-Stance Squat","Bodyweight conditioning","BStanceSquat","GlutealExtensors","MedialAndDeepKneeExtensors|LateralKneeExtensors|HipAbductors|DeepHipRotators|AbdominalWall","ScreenRightThenLeft","Repetition","Motion","0","","bodyweight-b-stance-squat.mp4","https://www.youtube.com/watch?v=AIM8I8e2PHg","4","15,5","8","crop=ih:ih:(iw-ih)/2:0","false","false","Reviewed replacement: the exact human demonstration makes B-Stance Squat immediately copyable without equipment, support, or excess travel."
"199","Wide-Stance Side-to-Side Squat","Bodyweight strength","SideLunge","AccessoryHipAdductors","MajorHipAdductors|MedialAndDeepKneeExtensors|LateralKneeExtensors|GlutealExtensors|HipAbductors","Continuous","Repetition","Motion","0","199","","","","","","","","","The retained human clip keeps both feet planted in a wide stance while alternating a deep squat from one side through center to the other."
"201","Wide-Stance Tiptoe Hold","Calf isometrics","WideStanceTiptoeHold","CalfDeepPosteriorLegAndPlantarFoot","Soleus|MajorHipAdductors|AccessoryHipAdductors|MedialAndDeepKneeExtensors|LateralKneeExtensors|GlutealExtensors|AbdominalWall","Continuous","Hold","Still","5","","sumo-squat-calf-raise-exact.mp4","https://www.youtube.com/watch?v=Ca6XoQfOJ04","5","0.5","20","crop=300:300:170:50","false","false","A clean front-view crop shows both heels visibly raised in a wide turned-out stance; no choreography, title overlay, or hidden effort is required."
"203","Shibashi Split-Stance Wing Open","Taiji Qigong Shibashi","ChestOpen","ShoulderAdductorsAndExtensors","ScapularGirdle|ShoulderAbductors|Chest|GlutealExtensors|MedialAndDeepKneeExtensors|LateralKneeExtensors","ScreenLeftThenRight","Repetition","Motion","0","","shibashi-set1.mp4","https://www.youtube.com/watch?v=PG1WGuzm7T0","500","8","8","crop=ih:ih:(iw-ih)/2:0","false","false","From a bent-knee staggered stance, both arms open broadly to the sides and close again as the weight shifts. Unused named chapter; one-side clip is suitable for the existing timed-side protocol."
"211","Bent-Elbow Wrist-Flexion Stretch","Wrist stretching","WristFlexionStretch","ForearmExtensorsAndSupinators","IntrinsicHand","ScreenLeftThenRight","Hold","Still","50","","assisted-wrist-flexion-extension-glides.mp4","https://www.youtube.com/watch?v=4ZCF49cyjFk","47","1","10","crop=540:540:280:170","false","false","A close human view shows the opposite hand holding the bent working wrist downward in flexion; the static endpoint and timed side change are immediately readable."
"212","Unsupported Sissy Squat","Bodyweight strength","SissySquat","LateralKneeExtensors","MedialAndDeepKneeExtensors|Soleus|AbdominalWall","Continuous","Repetition","Motion","0","","unsupported-sissy-squat.mp4","https://www.youtube.com/watch?v=O5pGabUeFtg","3.25","14.5","8","crop=ih:ih:(iw-ih)/2:0","false","false","A full-body unsupported human completes four controlled sissy-squat repetitions: heels rise, knees travel forward, the extended hips and trunk lean back together, and only the feet contact the floor."
"213","Bent-Elbow Wrist-Extension Stretch","Wrist stretching","WristExtensionStretch","ForearmFlexorsAndPronators","IntrinsicHand","ScreenLeftThenRight","Hold","Still","50","","assisted-wrist-flexion-extension-glides.mp4","https://www.youtube.com/watch?v=4ZCF49cyjFk","49","1","10","crop=540:540:280:170","false","false","A close human view shows the opposite hand holding the bent working wrist back in extension; the static endpoint and timed side change are immediately readable."
"214","Wrist Circles","Hand mobility","WristCircle","ForearmFlexorsAndPronators","ForearmExtensorsAndSupinators","Continuous","Repetition","Motion","0","","standing-wrist-circles.mp4","https://www.youtube.com/watch?v=wRSk1_C6yOM","0.5","18","10","crop=ih:ih:(iw-ih)/2:0","false","false","The close human-hand demonstration repeatedly traces large, visible wrist circles with no hidden force or specialist setup."
"215","Forearm Pronation-Supination Flow","Forearm mobility","ForearmRotation","ForearmFlexorsAndPronators","ForearmExtensorsAndSupinators","ScreenRightThenLeft","Repetition","Motion","0","","airborne-forearm-pronation-supination.mp4","https://www.youtube.com/watch?v=TaUlull7E5M","9","8","10","crop=ih*0.56:ih*0.56:(iw-ih*0.56)/2:ih*0.22","false","false","A close human demonstration repeatedly turns one forearm from palm-down to palm-up and back; the timed second phase mirrors the same visible path for the other arm."
"216","Interlaced-Finger Palm-Out Stretch","Standing hand and wrist stretching","WristAndFingerFlexorStretch","ForearmFlexorsAndPronators","IntrinsicHand","Continuous","Hold","Still","78","","interlace-stretch-palm-forward.mp4","https://www.youtube.com/watch?v=S8gRGv_yPLI","10","24","8","crop=400:360:240:0","false","false","The tight side view shows interlaced fingers, both palms turned outward, and straight arms settled at end range, making the symmetric stretch readable in one frame."
"217","Tree Pose Hold","Yoga","BalanceHold","HipAbductors","DeepHipRotators|GlutealExtensors|CalfDeepPosteriorLegAndPlantarFoot|AnteriorLateralLowerLegAndDorsalFoot|AbdominalWall","ScreenLeftThenRight","Hold","Still","50","","yoga-pose-sequence.mp4","https://www.youtube.com/watch?v=KW3j6P6RGLo","96","18","8","crop=ih:ih:(iw-ih)/2:0","false","true","A full-body human settles into a recognizable unsupported tree pose; the one-leg balance demand is obvious and the second timed side is mirrored."
"218","Sequential Finger Waves","Hand coordination","SequentialFingerWave","IntrinsicHand","ForearmFlexorsAndPronators|ForearmExtensorsAndSupinators","Continuous","Repetition","Motion","0","","sequential-finger-waves.mp4","https://www.youtube.com/watch?v=8G3iErBm3co","36","32","10","crop=iw:ih*29/36:0:ih/18","false","false","Both human hands visibly open and close one finger joint at a time in a repeated wave, replacing an imperceptible little-finger force with clear coordination work."
"219","High-Knee Cross-Body Pull","Low-impact conditioning","HighKneeCrossBodyPull","ShoulderAdductorsAndExtensors","AbdominalWall|MedialAndDeepKneeExtensors|LateralKneeExtensors","Continuous","Repetition","Motion","0","","6P_JPNPgXig.mp4","https://www.youtube.com/watch?v=6P_JPNPgXig","759","12","8","crop=ih:ih:(iw-ih)/2:0","false","false","A full human demonstration shows the complete named movement without equipment, support, jumping, travel outside three metres, or hidden resistance."
"220","Karate Rising Block","Karate","RisingBlock","ElbowFlexors","ForearmFlexorsAndPronators|IntrinsicHand|ShoulderAdductorsAndExtensors|ScapularGirdle|RotatorCuff","ScreenRightThenLeft","Repetition","Motion","0","","MZWdIHO75hU.mp4","https://www.youtube.com/watch?v=MZWdIHO75hU","15","24","8","crop=ih:ih:(iw-ih)/2:0","false","false","A full human demonstration shows the complete named movement without equipment, support, jumping, travel outside three metres, or hidden resistance."
"223","Controlled Wrist Circles","Wrist mobility","WristCAR","ForearmExtensorsAndSupinators","ForearmFlexorsAndPronators|ElbowFlexors","Continuous","Repetition","Motion","0","","standing-wrist-cars.mp4","https://www.youtube.com/watch?v=fFp6Y-OzC-U","4","28","8","crop=ih:ih:(iw-ih)/2:0","false","false","A human slowly carries each wrist through a large complete circle, making the full-range movement apparent without specialist terminology."
"224","Qigong Interlaced Wrist Rolls","Qigong","InterlacedWristRoll","ForearmExtensorsAndSupinators","ForearmFlexorsAndPronators","Continuous","Repetition","Motion","0","","qigong-interlaced-wrist-rolls.mp4","https://www.youtube.com/watch?v=mlD8wFbZzRk","25","30","8","crop=ih*0.72:ih*0.72:(iw-ih*0.72)/2:ih*0.08","false","false","The human interlaces the fingers and rolls the joined hands through a large repeated path, shown close enough for the hand relationship to remain readable."
"225","Opposite-Hand Fist-Down Wrist Stretch","Wrist mobility","WristFlexionStretch","ForearmExtensorsAndSupinators","IntrinsicHand","ScreenLeftThenRight","Hold","Still","58","","clenched-fist-wrist-extensor-stretch.mp4","https://www.youtube.com/watch?v=oleNl_q1K2k","100","10","8","crop=ih:ih:(iw-ih)/2:0","false","true","A standing human makes a fist and uses the opposite hand to hold it downward. The literal name now describes exactly what the silent final image shows."
"227","Rotating Relaxed Arm Swings","Qigong shoulder mobility","TorsoRotation","DeepAndIntersegmentalBack","RotatorCuff|ScapularGirdle|AbdominalWall","Continuous","Repetition","Motion","0","","ldUwIBccnuw.mp4","https://www.youtube.com/watch?v=ldUwIBccnuw","79","8","8","crop=ih:ih:(iw-ih)/2:0","false","false","The torso rotates left and right while relaxed arms swing around and lightly wrap across the front and back of the body. The source explicitly names the movement; its loose wraparound arm swing is absent from the retained catalog."
"228","Bent-Elbow External Rotation","Shoulder rehabilitation","ShoulderRotation","RotatorCuff","ScapularGirdle","Continuous","Repetition","Motion","0","","ldUwIBccnuw.mp4","https://www.youtube.com/watch?v=ldUwIBccnuw","348","8","8","crop=ih:ih:(iw-ih)/2:0","false","false","With elbows pinned to the ribs and palms up, both forearms rotate outward and return while the shoulder blades squeeze. Distinct from the retained self-resisted isometric and T-position shoulder rotation."
"229","Alternating Boxing Jabs","Boxing conditioning","BoxingJab","Chest","ElbowExtensors|ForearmFlexorsAndPronators|ShoulderAbductors|ScapularGirdle|RotatorCuff|AbdominalWall","Continuous","Repetition","Motion","0","","boxing-five-punches.mp4","https://www.youtube.com/watch?v=UTyKvvBaroU","2","7.5","8","crop=360:430:0:185,scale=214:256,pad=256:256:21:0,drawbox=x=0:y=0:w=256:h=18:color=black:t=fill","false","true","A full-body boxer alternates repeated jabs in the air at a conditioning cadence without contacting the background bag or requiring a partner."
"231","Karate Reverse Punch","Karate conditioning","ReversePunch","ElbowExtensors","Chest|ForearmFlexorsAndPronators|ShoulderAbductors|ScapularGirdle|RotatorCuff|IntrinsicHand|AbdominalWall","ScreenRightThenLeft","Repetition","Motion","0","","chuck-norris-private-lesson.mp4","https://www.youtube.com/watch?v=TIo6D2CO6uI","449.8","5.9","8","crop=ih:ih:(iw-ih)/2:0","false","false","A full-body human repeatedly drives the rear hand straight from guard and returns at normal exercise speed; the second phase mirrors the stance."
"230","Prayer Press Raise","Standing upper-body conditioning","PrayerPressRaise","Chest","ElbowExtensors|ShoulderAdductorsAndExtensors|AbdominalWall","Continuous","Repetition","Motion","0","","kfP_9z-BtmA.mp4","https://www.youtube.com/watch?v=kfP_9z-BtmA","226","22","8","crop=ih:ih:(iw-ih)/2:0","false","false","A full human demonstration shows the complete named movement without equipment, support, jumping, travel outside three metres, or hidden resistance."
"232","Extended Side Angle Hold","Yoga","SideAngleHold","LateralKneeExtensors","MedialAndDeepKneeExtensors|MajorHipAdductors|GlutealExtensors|HipAbductors|AbdominalWall","ScreenLeftThenRight","Hold","Still","80","","yoga-pose-sequence.mp4","https://www.youtube.com/watch?v=KW3j6P6RGLo","372","22","8","crop=ih:ih:(iw-ih)/2:0","false","true","A full-body human settles into a recognizable extended side angle with a deep front-knee bend and long overhead reach; both feet and the complete stance remain visible."
"233","Standing Wrist Flexion Stretch","Standing hand and wrist stretching","WristFlexionStretch","ForearmExtensorsAndSupinators","IntrinsicHand","ScreenLeftThenRight","Hold","Still","65","","standing-wrist-flexion-stretch.mp4","https://www.youtube.com/watch?v=aqOwOtchot0","3","18","8","crop=ih:ih:(iw-ih)/2:0","false","false","The opposite hand draws the working wrist and fingers into a settled downward bend, making the extensor stretch and working side readable in one frame."
"234","Straight Fingers to Knuckle Bend","Hand and forearm mobility","KnuckleBend","ForearmFlexorsAndPronators","IntrinsicHand|ForearmExtensorsAndSupinators","ScreenLeftThenRight","Repetition","Motion","0","","straight-hand-knuckle-bend-flow.mp4","https://www.youtube.com/watch?v=Tsxd2u57Rrg","47","9.5","10","crop=ih*65/72:ih*65/72:iw*25/64:ih*7/144","false","false","A close human hand moves repeatedly from straight fingers to a clear knuckle bend and back; the literal name matches the visible path."
"236","Bilateral Wrist Figure Eights","Wrist mobility","WristFigureEight","ForearmExtensorsAndSupinators","IntrinsicHand|ForearmFlexorsAndPronators","Continuous","Repetition","Motion","0","","bilateral-wrist-figure-eights.mp4","https://www.youtube.com/watch?v=zOu0WqtV4GM","5","30","10","crop=ih*9/10:ih*9/10:(iw-ih*9/10)/2:ih/20","false","false","Both human wrists continuously trace large, visible figure-eight paths together."
"237","Sequential Finger Curl Waves","Hand coordination","FingerWaveRotation","ForearmExtensorsAndSupinators","IntrinsicHand|ForearmFlexorsAndPronators","Continuous","Repetition","Motion","0","","wrist-and-finger-wave-rotations.mp4","https://www.youtube.com/watch?v=5WhZjAgg4-g","26","24","10","crop=ih:ih:(iw-ih)/2:0","false","false","A close human demonstration curls the fingers one joint at a time and reverses the wave through both hands; the moving sequence is visible without imagined resistance."
"239","Tabletop Tendon Glide","Hand therapy","TabletopTendonGlide","IntrinsicHand","ForearmFlexorsAndPronators|ForearmExtensorsAndSupinators","ScreenRightThenLeft","Repetition","Motion","0","","ZT4lKQ1GcEc.mp4","https://www.youtube.com/watch?v=ZT4lKQ1GcEc","124","9","10","crop=ih:ih:(iw-ih)/2:0","true","false","A full human demonstration shows the complete named movement without equipment, support, jumping, travel outside three metres, or hidden resistance."
"240","Hook Fingers to Full Fist","Hand therapy tendon gliding","FingerMotion","ForearmFlexorsAndPronators","IntrinsicHand|ForearmExtensorsAndSupinators","Continuous","Repetition","Motion","0","","hook-to-fist-tendon-glides.mp4","https://www.youtube.com/watch?v=2G6pHQJEbWQ","139","12","10","crop=ih*17/18:ih*3/4:(iw-ih*17/18)/2:ih*5/72,crop=iw*0.88:ih:iw*0.10:0","false","false","Both human hands visibly change from hooked fingers to a full fist and reopen, so the complete repetition is readable without narration or hidden force."
"241","Open Hand to Hook Fist","Hand therapy","HookFistTendonGlide","IntrinsicHand","ForearmFlexorsAndPronators|ForearmExtensorsAndSupinators","ScreenRightThenLeft","Repetition","Motion","0","","ZT4lKQ1GcEc.mp4","https://www.youtube.com/watch?v=ZT4lKQ1GcEc","136","10","10","crop=ih:ih:(iw-ih)/2:0","true","false","The literal name states the two visible hand positions, removing specialist tendon-glide terminology from an otherwise exact human demonstration."
"242","Open Hand to Full Fist","Hand therapy","FullFistTendonGlide","IntrinsicHand","ForearmFlexorsAndPronators|Chest","ScreenRightThenLeft","Repetition","Motion","0","","ZT4lKQ1GcEc.mp4","https://www.youtube.com/watch?v=ZT4lKQ1GcEc","166","9","10","crop=ih:ih:(iw-ih)/2:0","true","false","The literal name states the two visible hand positions, so the exact human demonstration is copyable without knowing therapy terminology."
"245","Straight-Punch to Shovel-Hook Combo","Boxing","ShovelHookCombo","Chest","ForearmFlexorsAndPronators|ElbowFlexors|AbdominalWall|ElbowExtensors","ScreenRightThenLeft","Repetition","Motion","0","","standing-shovel-hooks.mp4","https://www.youtube.com/watch?v=_LKGaPiU4Ho","63.1","14.5","10","crop=ih:ih:(iw-ih)/2:0","false","false","A full-body boxer repeatedly throws a straight punch followed by a rising shovel hook without a bag or partner; the chest is the clearest shared driver across both punches."
"246","Bodyweight Cuban Rotation","Shoulder mobility and conditioning","CubanRotation","RotatorCuff","ShoulderAbductors|ScapularGirdle","Continuous","Repetition","Motion","0","","bodyweight-cuban-rotation.mp4","https://www.youtube.com/watch?v=u100djIynM8","0","13","8","crop=ih:ih:(iw-ih)/2:0","true","false","A full standing human keeps both elbows lifted at shoulder height and repeatedly rotates the forearms from down to up. The named bodyweight Cuban rotation gives the rotator cuff a clear continuous task with both feet and the entire stance visible."
"248","Side-Tap Palm Pushes","Low-impact conditioning","SideTapPalmPush","Chest","ElbowExtensors|ForearmFlexorsAndPronators|IntrinsicHand|ShoulderAbductors","Continuous","Repetition","Motion","0","","6P_JPNPgXig.mp4","https://www.youtube.com/watch?v=6P_JPNPgXig","1043","12","8","crop=ih:ih:(iw-ih)/2:0","false","false","A full human demonstration shows the complete named movement without equipment, support, jumping, travel outside three metres, or hidden resistance."
"251","Arm Sweep to Forward Hinge","Standing yoga","SwanDiveHinge","SpinalExtensors","DeepAndIntersegmentalBack|PosteriorThighAndKneeFlexors|GlutealExtensors|AbdominalWall","Continuous","Repetition","Motion","0","","HnJw_EHvpvY.mp4","https://www.youtube.com/watch?v=HnJw_EHvpvY","18","20","8","crop=ih:ih:(iw-ih)/2:0","false","false","The literal name describes the visible arm sweep and forward hinge without requiring the user to know the specialist Swan Dive term."
"256","Overhead Side-Stretch Hold","Standing stretching","OverheadSideStretch","ShoulderAdductorsAndExtensors","ScapularGirdle|ShoulderAbductors|AbdominalWall|DeepAndIntersegmentalBack","ScreenRightThenLeft","Hold","Still","50","","alternating-overhead-side-stretch.mp4","https://www.youtube.com/watch?v=gTEBlnqcJ2c","14","10","8","crop=ih:ih:(iw-ih)/2:0","false","false","A full-body human clasps both hands overhead and settles into a clear side bend; the second timer phase mirrors the posture."
"257","Finger Spread to Interlace Stretch","Hand mobility","FingerSpreadInterlace","IntrinsicHand","ForearmFlexorsAndPronators|ForearmExtensorsAndSupinators","Continuous","Repetition","Motion","0","","finger-spread-interlace-stretch.mp4","https://www.youtube.com/watch?v=2G6pHQJEbWQ","399","9","10","crop=ih*17/18:ih*13/18:iw*41/128:ih/9","true","false","Both human hands spread fully, interlace, and reopen through a large visible cycle; the name states exactly what to copy."
"258","Karate Downward Block","Karate","DownwardBlock","ShoulderAdductorsAndExtensors","ScapularGirdle|ElbowExtensors|ForearmFlexorsAndPronators|IntrinsicHand|ElbowFlexors","ScreenRightThenLeft","Repetition","Motion","0","","MZWdIHO75hU.mp4","https://www.youtube.com/watch?v=MZWdIHO75hU","116","24","8","crop=ih:ih:(iw-ih)/2:0","false","false","A full human demonstration shows the complete named movement without equipment, support, jumping, travel outside three metres, or hidden resistance."
"260","Dancer Pose Hold","Yoga","DancerPose","HipFlexors","LateralKneeExtensors|MedialAndDeepKneeExtensors|GlutealExtensors|SpinalExtensors|DeepAndIntersegmentalBack|HipAbductors|AbdominalWall|CalfDeepPosteriorLegAndPlantarFoot","ScreenRightThenLeft","Hold","Still","50","","dancer-pose-yyoga.mp4","https://www.youtube.com/watch?v=aAgvS7xDvN0","142","6","8","crop=ih:ih:(iw-ih)/2:0","false","false","The settled full-body human binds one lifted foot behind the body, extends the opposite arm overhead, and balances unsupported in a clear dancer pose; the second phase mirrors the exact posture."
"262","Standing Bicycle Crunches","Standing core conditioning","StandingBicycleCrunch","AbdominalWall","HipFlexors|ElbowExtensors|SpinalExtensors","Continuous","Repetition","Motion","0","","QDezRfZvzcQ.mp4","https://www.youtube.com/watch?v=QDezRfZvzcQ","0.5","9","10","crop=ih:ih:(iw-ih)/2:0","false","false","A full human demonstration shows the complete named movement without equipment, support, jumping, travel outside three metres, or hidden resistance."
"263","Bent-Over Straight-Arm Pressback Hold","Standing isometrics","StraightArmPressbackHold","ShoulderAdductorsAndExtensors","ScapularGirdle|ElbowExtensors|SpinalExtensors|AbdominalWall","Continuous","Hold","Still","50","","bat-wings-workout.mp4","https://www.youtube.com/watch?v=E1FkoDDbzu4","245","25","8","crop=ih:ih:(iw-ih)/2:0","false","false","A solo full-body human holds a visible hip hinge with both straight arms extended behind the torso, turning a weak pulse into a sustained long-lever isometric."
"265","Standing Speed-Bag Punches","Boxing conditioning","SpeedBagPunch","ShoulderAbductors","ScapularGirdle|ElbowExtensors|ForearmFlexorsAndPronators|ForearmExtensorsAndSupinators|RotatorCuff|AbdominalWall","Continuous","Repetition","Motion","0","","standing-speed-bag-punches.mp4","https://www.youtube.com/watch?v=OOHFTjpK5LM","24","16","8","crop=ih:ih:(iw-ih)/2:0","false","false","A full-body human continuously circles the forearms in a clear speed-bag rhythm without a bag, partner, jumping, or travel."
"266","T-Arm Shoulder Hold","Shoulder isometrics","TArmHold","ShoulderAbductors","ScapularGirdle|RotatorCuff|AbdominalWall","Continuous","Hold","Still","50","","kfP_9z-BtmA.mp4","https://www.youtube.com/watch?v=kfP_9z-BtmA","159.5","1","8","crop=ih:ih:(iw-ih)/2:0","false","false","A full-body human holds both straight arms horizontally in a T, making the sustained shoulder-endurance task complete in one frame."
"267","Standing Calf-Raise Hold","Calf isometrics","CalfRaiseHold","CalfDeepPosteriorLegAndPlantarFoot","Soleus|AbdominalWall","Continuous","Hold","Still","15","187","","","","","","","false","false","A human holds both heels visibly raised while standing upright; the static final frame removes all off-foot ground contact and makes the calf task immediate."
"268","Goalpost-to-T Rotations","Standing shoulder mobility","GoalpostTRotation","RotatorCuff","ShoulderAbductors|ScapularGirdle","Continuous","Repetition","Motion","0","","kfP_9z-BtmA.mp4","https://www.youtube.com/watch?v=kfP_9z-BtmA","64","24","8","crop=ih:ih:(iw-ih)/2:0","false","false","A full human demonstration shows the complete named movement without equipment, support, jumping, travel outside three metres, or hidden resistance."
"269","Standing Leg-Resistance Biceps Curl","Standing strength and balance","LegResistanceCurl","ElbowFlexors","ForearmFlexorsAndPronators|IntrinsicHand|HipAbductors|CalfDeepPosteriorLegAndPlantarFoot|AnteriorLateralLowerLegAndDorsalFoot|AbdominalWall","ScreenLeftThenRight","Repetition","Motion","0","","standing-leg-resistance-biceps-curl.mp4","https://www.youtube.com/watch?v=AMoeIeT3Gyw","389.1","3.6","10","crop=320:360:80:0","false","false","A full-body human visibly uses the raised leg as resistance through repeated biceps curls while balancing on the other foot; the app mirrors the roles."
"270","Goalpost Chest-Opener Hold","Standing stretching","GoalpostChestOpener","Chest","ShoulderAbductors|ScapularGirdle|RotatorCuff","Continuous","Hold","Still","50","","kfP_9z-BtmA.mp4","https://www.youtube.com/watch?v=kfP_9z-BtmA","126","24","8","crop=ih:ih:(iw-ih)/2:0","false","false","A full-body human settles with both elbows open in a goalpost position, making the chest-opening hold clear without looping an unloaded gesture."
"272","Unsupported Single-Leg Bent-Knee Calf Raise","Calf strengthening","SingleLegBentKneeCalfRaise","Soleus","CalfDeepPosteriorLegAndPlantarFoot|AnteriorLateralLowerLegAndDorsalFoot|HipAbductors|AbdominalWall","ScreenRightThenLeft","Repetition","Motion","0","","unsupported-single-leg-bent-knee-calf-raise.mp4","https://www.youtube.com/watch?v=FD_beWLXe6w","3","8,5","8","crop=ih:ih:(iw-ih)/2:0","false","false","Reviewed replacement: the exact human demonstration makes Unsupported Single-Leg Bent-Knee Calf Raise immediately copyable without equipment, support, or excess travel."
"274","Alternating Boxing Uppercuts","Boxing","MartialHand","ElbowFlexors","Chest|AbdominalWall|GlutealExtensors","Continuous","Repetition","Motion","0","","boxing-alternating-uppercuts.mp4","https://www.youtube.com/watch?v=CTN0PVWpHy8","10","11,5","10","crop=ih:ih:(iw-ih)/2:0","false","false","Reviewed media repair: setup footage was removed so the full-body human demonstration opens directly on continuous alternating uppercuts."
"275","Backward Arm Circles","Shoulder endurance","ArmCircle","RotatorCuff","ShoulderAbductors|ScapularGirdle|AbdominalWall","Continuous","Repetition","Motion","0","","kfP_9z-BtmA.mp4","https://www.youtube.com/watch?v=kfP_9z-BtmA","190","24","8","crop=ih:ih:(iw-ih)/2:0","false","false","A full human demonstration shows the complete named movement without equipment, support, jumping, travel outside three metres, or hidden resistance."
"276","Muay Thai Upward Elbow Strike","Muay Thai","MartialHand","ElbowFlexors","ShoulderAbductors|Chest|AbdominalWall|RotatorCuff","ScreenRightThenLeft","Repetition","Motion","0","","upward-elbow-strikes-clear.mp4","https://www.youtube.com/watch?v=9Vy5BfIlr-8","0","9,8","10","crop=ih:ih:iw-ih:0","false","false","Reviewed media repair: a tightly framed solo human repeatedly drives the elbow upward from guard, with the named path visible immediately."
"278","Staggered-Stance Straight Punch","Boxing conditioning","StraightPunch","ElbowExtensors","ShoulderAdductorsAndExtensors|ScapularGirdle|ForearmFlexorsAndPronators","ScreenRightThenLeft","Repetition","Motion","0","","tTkZ9oNMwXs.mp4","https://www.youtube.com/watch?v=tTkZ9oNMwXs","5","10","10","crop=ih:ih:(iw-ih)/2:0","false","false","A full human demonstration shows the complete named movement without equipment, support, jumping, travel outside three metres, or hidden resistance."
"279","Staggered-Stance Jab-Cross","Karate conditioning","JabCross","ElbowExtensors","ShoulderAdductorsAndExtensors|ScapularGirdle|ForearmFlexorsAndPronators","ScreenRightThenLeft","Repetition","Motion","0","","chuck-norris-private-lesson.mp4","https://www.youtube.com/watch?v=TIo6D2CO6uI","544.45","13.8","8","crop=ih:ih:(iw-ih)/2:0","false","false","A full human demonstration shows the complete named movement without equipment, support, jumping, travel outside three metres, or hidden resistance."
"280","Alternating Boxing Hook Punches","Boxing","MartialHand","Chest","RotatorCuff|AbdominalWall|ElbowFlexors","Continuous","Repetition","Motion","0","","boxing-alternating-hooks.mp4","https://www.youtube.com/watch?v=4VOcf7j4VTM","0","11","10","crop=ih:ih:(iw-ih)/2:0","false","false","Reviewed replacement: the exact human demonstration makes Alternating Boxing Hook Punches immediately copyable without equipment, support, or excess travel."
"281","Alternating Overhead Punch","Standing bodyweight conditioning","OverheadPunch","ElbowExtensors","ShoulderAbductors|ScapularGirdle","Continuous","Repetition","Motion","0","","standing-tone-arms.mp4","https://www.youtube.com/watch?v=pWhJAwM4yeQ","475.4","12.1","8","crop=ih:ih:(iw-ih)/2:0","false","false","The demonstrator alternates full overhead punches with straight elbow extension while maintaining a quiet marching weight shift. Distinct from High-Low Punches and Kickback with Sky Punch: every strike follows the same vertical overhead path and there is no kickback."
"282","High-Knee Horizontal Punches","Low-impact boxing conditioning","HighKneePunch","ForearmFlexorsAndPronators","ForearmExtensorsAndSupinators|IntrinsicHand|ElbowFlexors|ElbowExtensors|ShoulderAbductors","Continuous","Repetition","Motion","0","","6P_JPNPgXig.mp4","https://www.youtube.com/watch?v=6P_JPNPgXig","702","12","8","crop=ih:ih:(iw-ih)/2:0","false","false","A full human demonstration shows the complete named movement without equipment, support, jumping, travel outside three metres, or hidden resistance."
"283","Open Hand to Straight Fist","Hand therapy","StraightFistTendonGlide","IntrinsicHand","ForearmFlexorsAndPronators|ForearmExtensorsAndSupinators","ScreenRightThenLeft","Repetition","Motion","0","","ZT4lKQ1GcEc.mp4","https://www.youtube.com/watch?v=ZT4lKQ1GcEc","178","10","10","crop=ih:ih:(iw-ih)/2:0","true","false","The literal name states the two visible positions, so the exact hand motion is copyable without specialist tendon-glide terminology."
"284","Side-to-Side Ankle Rocks","Standing bodyweight conditioning","AnkleRock","AnteriorLateralLowerLegAndDorsalFoot","CalfDeepPosteriorLegAndPlantarFoot|Soleus|HipAbductors","Continuous","Repetition","Motion","0","","julia-balance-stability.mp4","https://www.youtube.com/watch?v=9Slz5XXmLpM","14.0","28","8","crop=ih:ih:(iw-ih)/2:0","false","false","With both feet planted, the demonstrator shifts body weight smoothly from the medial edges to the lateral edges of the feet and back. Distinct from Heel-to-Toe Balance Rocks, which moves sagittally between heels and forefeet; this is a frontal-plane rock."
"285","Karate Inside Block","Karate","InsideBlock","ElbowFlexors","ForearmFlexorsAndPronators|IntrinsicHand","ScreenRightThenLeft","Repetition","Motion","0","","MZWdIHO75hU.mp4","https://www.youtube.com/watch?v=MZWdIHO75hU","82","24","8","crop=ih:ih:(iw-ih)/2:0","false","false","A full human demonstration shows the complete named movement without equipment, support, jumping, travel outside three metres, or hidden resistance."
"286","Karate Outside Block","Karate","OutsideBlock","ElbowFlexors","ForearmFlexorsAndPronators|ForearmExtensorsAndSupinators|IntrinsicHand","ScreenRightThenLeft","Repetition","Motion","0","","MZWdIHO75hU.mp4","https://www.youtube.com/watch?v=MZWdIHO75hU","47","24","8","crop=ih:ih:(iw-ih)/2:0","false","false","A full human demonstration shows the complete named movement without equipment, support, jumping, travel outside three metres, or hidden resistance."
"287","Standing Uppercuts","Boxing conditioning","Uppercut","ElbowFlexors","ForearmExtensorsAndSupinators|IntrinsicHand","Continuous","Repetition","Motion","0","","ADotmBi8lPg.mp4","https://www.youtube.com/watch?v=ADotmBi8lPg","12","20","10","crop=ih:ih:(iw-ih)/2:0","false","false","A full human demonstration shows the complete named movement without equipment, support, jumping, travel outside three metres, or hidden resistance."
"288","Knee-and-Ankle Circles","Standing bodyweight conditioning","KneeAnkleCircle","AnteriorLateralLowerLegAndDorsalFoot","DeepHipRotators|HipFlexors|AbdominalWall|CalfDeepPosteriorLegAndPlantarFoot","ScreenLeftThenRight","Repetition","Motion","0","","julia-balance-stability.mp4","https://www.youtube.com/watch?v=9Slz5XXmLpM","99.0","27.5","8","crop=ih:ih:(iw-ih)/2:0","false","false","Balancing on one foot, the demonstrator holds the other knee at hip height and traces controlled circles with the knee and ankle before the source changes sides. No current exercise combines visible knee-and-ankle circles with unsupported single-leg balance."
"289","Fingertip Spider Presses","Hand conditioning","FingertipSpiderPress","IntrinsicHand","ForearmFlexorsAndPronators|ForearmExtensorsAndSupinators","Continuous","Repetition","Motion","0","","fingertip-spider-presses.mp4","https://www.youtube.com/watch?v=2G6pHQJEbWQ","53","17","10","crop=ih*35/36:ih*13/18:iw*39/128:ih/9","false","false","Both human hands repeatedly press the fingertips together, spread into a visible spider shape, and return; the action is larger and immediately copyable."
"291","Open Hand to Claw Fist","Hand therapy","ClawTendonGlide","IntrinsicHand","ForearmFlexorsAndPronators|ForearmExtensorsAndSupinators","ScreenRightThenLeft","Repetition","Motion","0","","ZT4lKQ1GcEc.mp4","https://www.youtube.com/watch?v=ZT4lKQ1GcEc","148","10","10","crop=ih:ih:(iw-ih)/2:0","true","false","The literal name states the two visible positions, so the exact hand motion is copyable without specialist tendon-glide terminology."
"292","Standing Bird Dog","Balance training","BirdDog","SpinalExtensors","DeepAndIntersegmentalBack|AbdominalWall|GlutealExtensors|ShoulderAbductors","ScreenRightThenLeft","Repetition","Motion","0","","standing-bird-dog.mp4","https://www.youtube.com/watch?v=dbjHclnnX-4","0","15.5","8","crop=ih:ih:(iw-ih)/2:0","false","false","A human demonstrator balances unsupported, reaches one arm forward with the opposite leg back, and returns to standing; the timed second phase mirrors the opposite arm-leg pairing."
"293","Opposite-Hand Finger-Web Stretches","Active isolated stretching","FingerMotion","IntrinsicHand","ForearmFlexorsAndPronators|ForearmExtensorsAndSupinators","ScreenLeftThenRight","Repetition","Motion","0","","finger-web-space-stretch.mp4","https://www.youtube.com/watch?v=uPO-zST-7EE","175","8.5","10","crop=ih*35/36:ih*5/6:0:ih/18","false","false","The literal name describes the opposite hand visibly opening and releasing each gap between the working fingers."
"294","Five-Position Tendon Glide","Hand therapy","TendonGlideSequence","IntrinsicHand","ForearmFlexorsAndPronators|ForearmExtensorsAndSupinators","ScreenRightThenLeft","Repetition","Motion","0","","ZT4lKQ1GcEc.mp4","https://www.youtube.com/watch?v=ZT4lKQ1GcEc","198","25","10","crop=ih:ih:(iw-ih)/2:0","false","false","A full human demonstration shows the complete named movement without equipment, support, jumping, travel outside three metres, or hidden resistance."
"301","Overhead Arm Pumps","Shoulder endurance","OverheadArmPump","ShoulderAbductors","ScapularGirdle|RotatorCuff|ElbowExtensors","Continuous","Repetition","Motion","0","","standing-bellows-breath-arm-pumps.mp4","https://www.youtube.com/watch?v=VSUQcIC_r1k","60","16","8","crop=ih:ih:(iw-ih)/2:0","false","false","A human repeatedly pumps both bent arms from shoulder height to overhead at a clear conditioning cadence; the literal name does not claim a stance outside the crop or depend on breath narration."
"295","Ankle Squat March","Standing bodyweight conditioning","SquatMarch","Soleus","CalfDeepPosteriorLegAndPlantarFoot|AnteriorLateralLowerLegAndDorsalFoot|MedialAndDeepKneeExtensors|LateralKneeExtensors|GlutealExtensors","Continuous","Repetition","Motion","0","","julia-balance-stability.mp4","https://www.youtube.com/watch?v=9Slz5XXmLpM","188.0","33","8","crop=ih:ih:(iw-ih)/2:0","false","false","The demonstrator stays in a shallow squat and alternates controlled heel and forefoot lifts like a compact ankle-driven march. Distinct from Penguin Balance March and ordinary High-Knee March because the body stays low and the ankle action is the visible task."
"296","Single-Leg Sprinter March","Standing bodyweight conditioning","SprinterMarch","GlutealExtensors","MedialAndDeepKneeExtensors|LateralKneeExtensors|HipFlexors|CalfDeepPosteriorLegAndPlantarFoot|AbdominalWall","ScreenLeftThenRight","Repetition","Motion","0","","julia-balance-stability.mp4","https://www.youtube.com/watch?v=9Slz5XXmLpM","237.0","30","8","crop=ih:ih:(iw-ih)/2:0","false","false","One leg repeatedly steps back into a low sprinter stance and then drives forward to a high knee while the other leg remains the working support. Distinct from Skater-RDL Balance: this uses a grounded straight-back sprinter step rather than a dia…2030 tokens truncated…otion"
"314","Alternating Forward Lunge Pulses","Bodyweight conditioning","ForwardLungePulse","MedialAndDeepKneeExtensors","LateralKneeExtensors|GlutealExtensors|HipFlexors","Continuous","Repetition","Motion","0","","FGB_9YVUmfY.mp4","https://www.youtube.com/watch?v=FGB_9YVUmfY","190","25","8","crop=ih:ih:(iw-ih)/2:0","false","false","A full human demonstration shows the complete named movement without equipment, support, jumping, travel outside three metres, or hidden resistance."
"321","Side-Tap Alternating Arm Raises","Low-impact conditioning","SideTapArmRaise","ShoulderAbductors","ScapularGirdle|RotatorCuff|AccessoryHipAdductors|HipAbductors","Continuous","Repetition","Motion","0","","6P_JPNPgXig.mp4","https://www.youtube.com/watch?v=6P_JPNPgXig","191","12","8","crop=ih:ih:(iw-ih)/2:0","false","false","A full human demonstration shows the complete named movement without equipment, support, jumping, travel outside three metres, or hidden resistance."
"326","Rear-Hand Straight Punch","Boxing conditioning","RearHandStraightPunch","ElbowExtensors","Chest|ForearmFlexorsAndPronators|ShoulderAbductors|ScapularGirdle|RotatorCuff|IntrinsicHand|AbdominalWall","ScreenRightThenLeft","Repetition","Motion","0","","tTkZ9oNMwXs.mp4","https://www.youtube.com/watch?v=tTkZ9oNMwXs","18","10","10","crop=ih:ih:(iw-ih)/2:0","false","false","A full human demonstration shows the complete named movement without equipment, support, jumping, travel outside three metres, or hidden resistance."
"327","Muay Thai Horizontal Elbow Strike","Muay Thai","MartialHand","ElbowFlexors","Chest|RotatorCuff|AbdominalWall|ShoulderAdductorsAndExtensors","ScreenRightThenLeft","Repetition","Motion","0","","horizontal-elbow-strikes-clear.mp4","https://www.youtube.com/watch?v=ujppQiig9CU","0","9,8","10","crop=ih:ih:iw-ih:0","false","false","Reviewed media repair: a tightly framed solo human repeatedly sweeps the elbow horizontally from guard, with the named path visible immediately."
"329","Standing Shoulder CAR","Shoulder mobility","ShoulderCAR","RotatorCuff","ShoulderAbductors|ScapularGirdle","ScreenRightThenLeft","Repetition","Motion","0","","GRHohA9PX_U.mp4","https://www.youtube.com/watch?v=GRHohA9PX_U","1","12","10","crop=ih:ih:(iw-ih)/2:0","false","false","A full human demonstration shows the complete named movement without equipment, support, jumping, travel outside three metres, or hidden resistance."
"338","Overhead Triceps Stretch with Side Bend","Stretching","SideReach","ElbowExtensors","ShoulderAdductorsAndExtensors|DeepAndIntersegmentalBack|AbdominalWall","ScreenLeftThenRight","Hold","Still","50","","overhead-triceps-side-stretch.mp4","https://www.youtube.com/watch?v=bNceHT6m21Q","4","9","8","crop=ih:ih:(iw-ih)/2:0","false","false","A standing human holds one elbow overhead with the opposite hand and settles into a clear lateral bend. The combined triceps and side-body endpoint is stable, familiar, and mirrored for the timed second side."
"367","Single-Leg Bodyweight Deadlift","Standing bodyweight conditioning","SingleLegDeadlift","PosteriorThighAndKneeFlexors","GlutealExtensors|SpinalExtensors|DeepAndIntersegmentalBack|HipAbductors|CalfDeepPosteriorLegAndPlantarFoot","ScreenRightThenLeft","Repetition","Motion","0","","julia-balance-stability.mp4","https://www.youtube.com/watch?v=9Slz5XXmLpM","521.0","30","8","crop=ih:ih:(iw-ih)/2:0","false","false","The demonstrator hinges over one planted leg as the free leg extends straight behind, then returns upright without touching the floor or any support. The catalog has compound and mislabeled deadlift variants but no plain accurately demonstrated unsupported single-leg deadlift."
"390","Inhale Arms Up, Exhale Step-Touch","Breath-led mobility","StepTouchArmArc","BreathingMuscles","ShoulderAbductors|ShoulderAdductorsAndExtensors|SpinalExtensors|PosteriorThighAndKneeFlexors|AbdominalWall","Continuous","Repetition","Motion","0","","6P_JPNPgXig.mp4","https://www.youtube.com/watch?v=6P_JPNPgXig","21","12","8","crop=ih:ih:(iw-ih)/2:0","false","false","A full human demonstration shows the complete named movement without equipment, support, jumping, travel outside three metres, or hidden resistance."
"391","Inhale Arms Open, Exhale High-Knee","Breath-led conditioning","HighKneeOpenArmMarch","BreathingMuscles","ShoulderAbductors|ScapularGirdle|ElbowExtensors","Continuous","Repetition","Motion","0","","6P_JPNPgXig.mp4","https://www.youtube.com/watch?v=6P_JPNPgXig","475","12","8","crop=ih:ih:(iw-ih)/2:0","false","false","A full human demonstration shows the complete named movement without equipment, support, jumping, travel outside three metres, or hidden resistance."
"392","Exhale-Down Inhale-Up Breathing Squat","Breathwork","BreathingSquat","BreathingMuscles","MajorHipAdductors|AccessoryHipAdductors|MedialAndDeepKneeExtensors|LateralKneeExtensors|GlutealExtensors|ShoulderAbductors|AbdominalWall","Continuous","Repetition","Motion","0","","breathing-squat-arm-sweep.mp4","https://www.youtube.com/watch?v=lTi05bpfeAw","0","37","8","crop=ih:ih:(iw-ih)/2:0","false","false","The literal name supplies the otherwise hidden breath phases while the full-body human clearly demonstrates every squat and arm sweep."
"393","Single-Leg Deadlift to Runner March","Standing bodyweight conditioning","DeadliftKneeDrive","PosteriorThighAndKneeFlexors","GlutealExtensors|HipFlexors|SpinalExtensors|DeepAndIntersegmentalBack|AbdominalWall|HipAbductors","ScreenRightThenLeft","Repetition","Motion","0","","julia-balance-stability.mp4","https://www.youtube.com/watch?v=9Slz5XXmLpM","615.0","31","8","crop=ih:ih:(iw-ih)/2:0","false","false","A controlled single-leg hinge flows directly into an upright runner knee drive, then repeats on the same side. Distinct from the plain deadlift and from Skater-RDL Balance because this is a sagittal hinge-to-runner-march cycle."
"394","Inhale Open, Exhale Cross-Body Knee","Breath-led conditioning","HighKneeCrossBodySweep","BreathingMuscles","Chest|ScapularGirdle|AbdominalWall|DeepAndIntersegmentalBack","Continuous","Repetition","Motion","0","","6P_JPNPgXig.mp4","https://www.youtube.com/watch?v=6P_JPNPgXig","645","12","8","crop=ih:ih:(iw-ih)/2:0","false","false","A full human demonstration shows the complete named movement without equipment, support, jumping, travel outside three metres, or hidden resistance."
"395","Inhale Reach Up, Exhale Knee Lift","Breath-led mobility","KneeLiftOverheadReach","BreathingMuscles","ShoulderAbductors|ScapularGirdle","Continuous","Repetition","Motion","0","","6P_JPNPgXig.mp4","https://www.youtube.com/watch?v=6P_JPNPgXig","361","12","8","crop=ih:ih:(iw-ih)/2:0","false","false","A full human demonstration shows the complete named movement without equipment, support, jumping, travel outside three metres, or hidden resistance."
"396","Single-Leg Knee-Lift Balance Hold","Standing balance","KneeLiftBalance","AnteriorLateralLowerLegAndDorsalFoot","CalfDeepPosteriorLegAndPlantarFoot|Soleus|HipAbductors|DeepHipRotators|AbdominalWall","ScreenLeftThenRight","Hold","Still","50","","2_lCvBvHRFI.mp4","https://www.youtube.com/watch?v=2_lCvBvHRFI","135","20","8","crop=ih:ih:(iw-ih)/2:0","false","false","A full human demonstration shows the complete named movement without equipment, support, jumping, travel outside three metres, or hidden resistance."
"397","Inhale Open, Exhale Cross-Body Side Tap","Breath-led mobility","SideTapCrossBodySweep","BreathingMuscles","CalfDeepPosteriorLegAndPlantarFoot|Soleus|GlutealExtensors","Continuous","Repetition","Motion","0","","6P_JPNPgXig.mp4","https://www.youtube.com/watch?v=6P_JPNPgXig","78","12","8","crop=ih:ih:(iw-ih)/2:0","false","false","A full human demonstration shows the complete named movement without equipment, support, jumping, travel outside three metres, or hidden resistance."
"422","Turn Head Left and Right","Active neck mobility","HeadTurn","PosteriorNeckAndSuboccipitalMuscles","AnteriorLateralNeckAndHyoidMuscles","Continuous","Repetition","Motion","0","","mark-wildman-neck-drill.mp4","https://www.youtube.com/watch?v=9enAikPH_k8","23.067","29.7","8","crop=ih:ih:(iw-ih)/2:0","false","false","The standing demonstrator rotates his head left and right through neutral while his shoulders and trunk remain still. A stationary isolated rotation drill; distinct from the retained walking-with-head-turns exercise."
"423","Ear-to-Shoulder Neck Tilts","Active neck mobility","NeckTilt","AnteriorLateralNeckAndHyoidMuscles","PosteriorNeckAndSuboccipitalMuscles","Continuous","Repetition","Motion","0","","mark-wildman-neck-drill.mp4","https://www.youtube.com/watch?v=9enAikPH_k8","53.067","29.7","8","crop=ih:ih:(iw-ih)/2:0","false","false","The standing demonstrator alternates lateral neck flexion, bringing each ear toward its same-side shoulder without raising the shoulder. The source exposes a large clean bilateral range; unlike a static side stretch, this is a continuous mobility repetition."
"425","Feet-Together Head Turns","Balance and vestibular training","FeetTogetherHeadTurn","AnteriorLateralNeckAndHyoidMuscles","PosteriorNeckAndSuboccipitalMuscles","Continuous","Repetition","Motion","0","","candidate-narrow-head-turns-tilts.mp4","https://www.youtube.com/watch?v=81sfTXQ6zjc","0","9","10","crop=ih:ih:(iw-ih)/2:0","false","false","A full human demonstration shows the complete named movement without equipment, support, jumping, travel outside three metres, or hidden resistance."
"467","Look Up and Down","Active neck mobility","NeckFlexExtension","PosteriorNeckAndSuboccipitalMuscles","AnteriorLateralNeckAndHyoidMuscles","Continuous","Repetition","Motion","0","","mark-wildman-neck-drill.mp4","https://www.youtube.com/watch?v=9enAikPH_k8","83.067","29.7","8","crop=ih:ih:(iw-ih)/2:0","false","false","The standing demonstrator alternates neck extension with his gaze upward and neck flexion with his chin moving toward his chest. A complete active flexion-extension cycle rather than a held posterior or anterior stretch."
"474","Head Glide Forward and Back","Active neck mobility","HeadGlide","AnteriorLateralNeckAndHyoidMuscles","PosteriorNeckAndSuboccipitalMuscles","Continuous","Repetition","Motion","0","","mark-wildman-neck-drill.mp4","https://www.youtube.com/watch?v=9enAikPH_k8","113.067","29.7","8","crop=ih:ih:(iw-ih)/2:0","false","false","The standing demonstrator keeps his head level while translating it forward, then retracting it into a visible chin tuck. A large, readable sagittal translation; it does not depend on an invisible resistance cue."
"475","March in Place with Head Turns","Balance and neck mobility","HeadTurnMarch","AnteriorLateralNeckAndHyoidMuscles","PosteriorNeckAndSuboccipitalMuscles","Continuous","Repetition","Motion","0","","march-in-place-head-turns.mp4","https://www.youtube.com/watch?v=dBpD2g0AEco","62.3","15","8","crop=iw*0.40:ih:iw*0.18:0","false","false","The full-body human marches in place while naturally alternating clear left and right head turns; the movement is distinct, worthwhile, and immediately copyable."
"477","Feet-Together Head Nods","Balance and neck mobility","HeadNod","PosteriorNeckAndSuboccipitalMuscles","AnteriorLateralNeckAndHyoidMuscles","Continuous","Repetition","Motion","0","","feet-together-head-nods.mp4","https://www.youtube.com/watch?v=81sfTXQ6zjc","10","13.5","10","crop=ih:ih:(iw-ih)/2:0","false","false","A standing human keeps both feet together and repeatedly looks up and down through a complete, visible nodding path."
"481","Head Glide Side to Side","Active neck mobility","HeadGlide","AnteriorLateralNeckAndHyoidMuscles","PosteriorNeckAndSuboccipitalMuscles","Continuous","Repetition","Motion","0","","mark-wildman-neck-drill.mp4","https://www.youtube.com/watch?v=9enAikPH_k8","143.067","29.7","8","crop=ih:ih:(iw-ih)/2:0","false","false","The standing demonstrator translates his upright head left and right without rotating it or tipping either ear toward a shoulder. The clear translation path replaces the catalog's removed, too-subtle dance neck isolations."
"482","Feet-Together Head Tilts","Balance and neck mobility","HeadTilt","AnteriorLateralNeckAndHyoidMuscles","PosteriorNeckAndSuboccipitalMuscles","Continuous","Repetition","Motion","0","","feet-together-head-tilts.mp4","https://www.youtube.com/watch?v=81sfTXQ6zjc","24","14.3","10","crop=ih:ih:(iw-ih)/2:0","false","false","A standing human keeps both feet together and alternates visible ear-to-shoulder head tilts without support or specialist choreography."
"483","Standing Diagonal Head Turns","Active neck mobility","DiagonalHeadTurn","PosteriorNeckAndSuboccipitalMuscles","AnteriorLateralNeckAndHyoidMuscles","Continuous","Repetition","Motion","0","","standing-diagonal-head-turns.mp4","https://www.youtube.com/watch?v=IhJ_SlCnWb4","283","13.5","10","crop=iw*0.40:ih:iw*0.30:0","false","false","The standing human naturally alternates large diagonal head turns, making the path obvious without a timed side or memorized sequence."
"490","Track One Thumb Side to Side","Oculomotor rehabilitation","EyeTracking","CranialMuscles","","Continuous","Repetition","Motion","0","","track-thumb-side-to-side.mp4","https://www.youtube.com/watch?v=IZTGSOR2fPA","0","9.6","8","crop=iw*0.78:ih:0:0","false","false","The human visibly moves one thumb through a complete side-to-side path while following it with the eyes; the moving target makes the task copyable at a glance."
"491","Keep Eyes on Thumb While Nodding","Vestibular rehabilitation","GazeStabilityHeadNod","CranialMuscles","PosteriorNeckAndSuboccipitalMuscles|AnteriorLateralNeckAndHyoidMuscles","Continuous","Repetition","Motion","0","","gaze-stability-head-nods-standing.mp4","https://www.youtube.com/watch?v=RtI295xEVhc","0","23.8","10","","false","false","The standing human holds one visible thumb still and repeatedly nods through a large path while keeping the gaze fixed; the feet-together inset preserves the full stance."
"492","Track One Thumb Up and Down","Oculomotor rehabilitation","EyeTracking","CranialMuscles","","Continuous","Repetition","Motion","0","","track-thumb-up-and-down.mp4","https://www.youtube.com/watch?v=JpDNPfll-tM","0","8.6","8","crop=iw*0.78:ih:0:0","false","false","The human visibly moves one thumb through a complete vertical path while following it with the eyes; the moving target communicates the exercise without narration."
"493","Track Finger Upper-Right to Lower-Left","Oculomotor rehabilitation","EyeTracking","CranialMuscles","","Continuous","Repetition","Motion","0","","track-finger-diagonal.mp4","https://www.youtube.com/watch?v=acxok1DTnLo","199.5","5.25","10","crop=ih:ih:iw-ih:0","true","false","A close human demonstration traces one clear diagonal target path and returns along the same path, producing an exact and easily copied loop."
"495","Track Finger Toward and Away from Nose","Oculomotor rehabilitation","EyeTracking","CranialMuscles","","Continuous","Repetition","Motion","0","","track-finger-near-and-far.mp4","https://www.youtube.com/watch?v=Xpy1Ge847eI","9.64","16.6","10","","false","false","The demonstrator repeatedly moves one visible finger toward and away from the nose, making convergence and divergence concrete without technical language."
"497","Track Finger in Circles","Oculomotor rehabilitation","EyeTracking","CranialMuscles","","Continuous","Repetition","Motion","0","","track-finger-circles.mp4","https://www.youtube.com/watch?v=57oXdE5KV7Q","168","16","10","crop=ih:ih:(iw-ih)/2:0","false","false","The human traces large visible finger circles; Flux presents the opposite direction as a separate timed phase rather than repeating only one direction."
"499","Track Finger in a Near-Far Spiral","Oculomotor rehabilitation","EyeTracking","CranialMuscles","","Continuous","Repetition","Motion","0","","track-finger-near-far-spiral.mp4","https://www.youtube.com/watch?v=acxok1DTnLo","244","20.75","10","crop=ih:ih:iw-ih:0","false","false","One uninterrupted human demonstration traces a complete visible near-far spiral and its return; the plain name makes the path directly followable."
"500","Controlled Jaw Open and Close","Jaw mobility","JawMotion","CranialMuscles","","Continuous","Repetition","Motion","0","","controlled-jaw-open-close.mp4","https://www.youtube.com/watch?v=Uey_JRwnjSc","0","13.5","10","crop=ih:ih:(iw-ih)/2:0","false","false","A close human demonstration repeatedly opens and closes the jaw through a large, controlled, unmistakable path."
"501","Single-Leg Thumb-Focus Head Turns","Gaze stability and balance","GazeStabilityHeadTurn","PosteriorNeckAndSuboccipitalMuscles","AnteriorLateralNeckAndHyoidMuscles|CranialMuscles|HipAbductors|CalfDeepPosteriorLegAndPlantarFoot","ScreenRightThenLeft","Repetition","Motion","0","","single-leg-thumb-focus-head-turns.mp4","https://www.youtube.com/watch?v=qBT-hcP9GLU","0","14","8","","false","false","The full standing human balances on one leg, holds an own-thumb target, and visibly turns the head while maintaining focus; the inset keeps the stance readable."
"502","Standing Levator-Scapulae Stretch","Clinical stretching","NeckStretch","PosteriorNeckAndSuboccipitalMuscles","ScapularGirdle|AnteriorLateralNeckAndHyoidMuscles","ScreenLeftThenRight","Hold","Still","50","","neck-istretch-levator-clean.mp4","https://www.youtube.com/watch?v=rWEQi6u_KiE","5.5","2.5","8","crop=ih:ih:(iw-ih)/2:0","false","false","The standing demonstrator anchors one arm behind his back, turns and bows his head diagonally toward the opposite armpit, and rests the other hand on his crown. A single mirrored endpoint communicates the diagonal levator stretch; distinct from straight lateral neck flexion."
"503","Overhead-Assisted Upper-Trapezius Stretch","Clinical stretching","NeckStretch","PosteriorNeckAndSuboccipitalMuscles","ScapularGirdle|AnteriorLateralNeckAndHyoidMuscles","ScreenLeftThenRight","Hold","Still","50","","neck-istretch-uppertrap.mp4","https://www.youtube.com/watch?v=LBpQ_EDLHes","7.5","2","8","crop=ih:ih:(iw-ih)/2:0","false","false","The standing demonstrator lets one arm hang while the opposite hand rests over his head and guides one ear toward that shoulder. The visible overhead assist and relaxed opposite arm distinguish it from the catalog's unassisted Neck Side Stretch."
"504","Hands-Behind-Head Splenius-Capitis Stretch","Clinical stretching","NeckStretch","PosteriorNeckAndSuboccipitalMuscles","AnteriorLateralNeckAndHyoidMuscles","Continuous","Hold","Still","50","","neck-istretch-splenius-capitis-bilateral.mp4","https://www.youtube.com/watch?v=hYtMK2495y0","4.5","3","8","crop=ih:ih:(iw-ih)/2:0","false","false","The standing demonstrator interlaces both hands behind his head, draws his chin toward his chest, and lets both elbows close in front. A symmetric assisted posterior-neck endpoint; visually distinct from active nodding and unilateral diagonal stretches."
"505","Jaw Side-to-Side Glides","Jaw mobility","JawMotion","CranialMuscles","","Continuous","Repetition","Motion","0","","jaw-side-to-side-glides.mp4","https://www.youtube.com/watch?v=eoXt1Xbzgy0","0","12.5","10","crop=ih:ih:(iw-ih)/2:0","false","false","A close human demonstration repeatedly glides the jaw left and right through a clearly visible horizontal path."
"506","Jaw Forward Glide and Relax","Jaw mobility","JawMotion","CranialMuscles","","Continuous","Repetition","Motion","0","","jaw-forward-glide-relax.mp4","https://www.youtube.com/watch?v=zDmiKlMnPq8","0","6.5","10","crop=ih:ih:(iw-ih)/2:0","false","false","A close human demonstration repeatedly moves the jaw forward and returns it before any manual cue enters the frame."
"507","Hamstring Curl with Elbow Pull","Standing upper-back conditioning","HamstringCurlElbowPull","ScapularGirdle","ShoulderAdductorsAndExtensors|MedialAndDeepKneeExtensors|LateralKneeExtensors|GlutealExtensors","Continuous","Repetition","Motion","0","","6P_JPNPgXig.mp4","https://www.youtube.com/watch?v=6P_JPNPgXig","532","12","8","crop=ih:ih:(iw-ih)/2:0","false","false","A full human demonstration shows the complete named movement without equipment, support, jumping, travel outside three metres, or hidden resistance."
"508","Wide-Step Elbow Pull","Standing upper-body conditioning","WideStepElbowPull","ElbowFlexors","ForearmFlexorsAndPronators|IntrinsicHand|HipAbductors|CalfDeepPosteriorLegAndPlantarFoot|AnteriorLateralLowerLegAndDorsalFoot|AbdominalWall","Continuous","Repetition","Motion","0","","6P_JPNPgXig.mp4","https://www.youtube.com/watch?v=6P_JPNPgXig","816","12","8","crop=ih:ih:(iw-ih)/2:0","false","false","A full human demonstration shows the complete named movement without equipment, support, jumping, travel outside three metres, or hidden resistance."
"509","Split-Stance Lunge Pulse with Overhead Reach","Standing bodyweight conditioning","LungePulse","MedialAndDeepKneeExtensors","LateralKneeExtensors|GlutealExtensors|CalfDeepPosteriorLegAndPlantarFoot|ShoulderAbductors|AbdominalWall","ScreenLeftThenRight","Repetition","Motion","0","","standing-pilates.mp4","https://www.youtube.com/watch?v=ASAWSZ3Zrns","1169.0","13","8","crop=ih:ih:(iw-ih)/2:0","false","false","The demonstrator holds a deep split stance with both arms extended overhead and performs repeated controlled downward lunge pulses. Distinct from Alternating Lunge with Overhead Stretch: this is a unilateral sustained lunge with repeated depth pulses."
"510","Clasped-Hands Chest-Opening Forward-Fold Hold","Standing bodyweight conditioning","ForwardFold","PosteriorThighAndKneeFlexors","Chest|ShoulderAdductorsAndExtensors|SpinalExtensors","Continuous","Hold","Still","80","","standing-pilates.mp4","https://www.youtube.com/watch?v=ASAWSZ3Zrns","1656.8","21","8","crop=ih:ih:(iw-ih)/2:0","false","false","With fingers clasped behind the back and legs straight, the demonstrator settles into a forward fold while the straight arms lift away from the back. Distinct from the upright clasped-hands chest opener and plain Standing Forward Fold because both positions are deliberately combined in the final pose."
"512","Standing Upper-Back and Neck Hug Stretch","Standing yoga","NeckStretch","PosteriorNeckAndSuboccipitalMuscles","SpinalExtensors|DeepAndIntersegmentalBack","Continuous","Hold","Still","72","","standing-upper-back-neck-hug-stretch.mp4","https://www.youtube.com/watch?v=ngQxxLnJ-5I","175.5","7","8","crop=ih:ih:(iw-ih)/2:0","false","false","A full-body unsupported human crosses her arms into a self-hug, rounds the upper back, and settles with the chin toward the chest; the reviewed still freezes that exact endpoint."
"513","Single-Leg Thumb-Focus Head Nods","Vestibular rehabilitation","GazeStabilityHeadNod","AnteriorLateralNeckAndHyoidMuscles","PosteriorNeckAndSuboccipitalMuscles","ScreenLeftThenRight","Repetition","Motion","0","","candidate-single-leg-thumb-nods.mp4","https://www.youtube.com/watch?v=pz-Igky5st8","0","23","8","crop=ih:ih:(iw-ih)/2:0","false","false","A full human demonstration shows the complete named movement without equipment, support, jumping, travel outside three metres, or hidden resistance."
"516","Bent-Elbow Shoulder Circles","Shoulder mobility","BentElbowShoulderCircle","ScapularGirdle","ShoulderAbductors","Continuous","Repetition","Motion","0","","OJs2AfEUzaA.mp4","https://www.youtube.com/watch?v=OJs2AfEUzaA","4","13.5","10","crop=ih:ih:(iw-ih)/2:0","false","false","A full human demonstration shows the complete named movement without equipment, support, jumping, travel outside three metres, or hidden resistance."
"572","Standing Side-Lunge Adductor Stretch","Standing stretching","SideLungeAdductorStretch","MajorHipAdductors","AccessoryHipAdductors|MedialAndDeepKneeExtensors|LateralKneeExtensors|GlutealExtensors","ScreenRightThenLeft","Hold","Still","50","","standing-side-lunge-adductor-stretch.mp4","https://www.youtube.com/watch?v=O-ASSBN_5pQ","3","31","8","crop=ih:ih:(iw-ih)/2:0","false","false","A full human holds a side lunge with the straight leg and adductor line exposed; the second timer phase mirrors the exact posture."
"573","Backs-of-Hands Wrist Stretch","Wrist mobility","WristCurl","ForearmExtensorsAndSupinators","IntrinsicHand","Continuous","Hold","Still","72","","reverse-prayer-stretch.mp4","https://www.youtube.com/watch?v=eF6CoU1VMp4","22.0","25.0","8","crop=ih:ih:(iw-ih)/2:0","false","false","A single settled human image shows the backs of both hands together with fingers pointing down. The literal name and still make the wrist stretch immediately copyable without hidden instruction."
"576","Side-Step Rainbow Reach","Low-impact conditioning","SideStepRainbowReach","ShoulderAbductors","ScapularGirdle|RotatorCuff","Continuous","Repetition","Motion","0","","6P_JPNPgXig.mp4","https://www.youtube.com/watch?v=6P_JPNPgXig","419","12","8","crop=ih:ih:(iw-ih)/2:0","false","false","A full human demonstration shows the complete named movement without equipment, support, jumping, travel outside three metres, or hidden resistance."
"577","High-Knee Goalpost Pull","Low-impact conditioning","HighKneeGoalpostPull","RotatorCuff","ScapularGirdle|ShoulderAbductors|DeepAndIntersegmentalBack","Continuous","Repetition","Motion","0","","6P_JPNPgXig.mp4","https://www.youtube.com/watch?v=6P_JPNPgXig","929","12","8","crop=ih:ih:(iw-ih)/2:0","false","false","A full human demonstration shows the complete named movement without equipment, support, jumping, travel outside three metres, or hidden resistance."
"591","Shadow Boxing","Boxing","MartialHand","ShoulderAbductors","ScapularGirdle|Chest|ElbowExtensors|ElbowFlexors|ForearmFlexorsAndPronators|RotatorCuff|AbdominalWall|DeepAndIntersegmentalBack|CalfDeepPosteriorLegAndPlantarFoot","Continuous","Repetition","Motion","0","","muhammad-ali-shadow-boxing.mp4","https://www.youtube.com/watch?v=wxNW3EdBqNY","18.8","12.2","10","crop=ih:ih:(iw-ih)/2:0","false","false","Muhammad Ali demonstrates uninterrupted solo full-body shadow boxing with compact punches, defensive movement, stance changes, and footwork."
"609","First-Position Plié Squat and Rise","Ballet conditioning","Squat","PelvicFloorAndPerineum","MajorHipAdductors|AccessoryHipAdductors|MedialAndDeepKneeExtensors|LateralKneeExtensors|GlutealExtensors|DeepHipRotators","Continuous","Repetition","Motion","0","609","","","","","","","","","The silent clip plainly shows heels together, feet turned out, a first-position plié, and a rise. The precise name distinguishes it from the catalog's wide plié squat."
"610","Warrior II Hold","Yoga","Lunge","PelvicFloorAndPerineum","AbdominalWall|DeepAndIntersegmentalBack|GlutealExtensors|MedialAndDeepKneeExtensors|LateralKneeExtensors|MajorHipAdductors|AccessoryHipAdductors|HipAbductors|DeepHipRotators","ScreenRightThenLeft","Hold","Still","50","","standing-pelvic-floor-primer.mp4","https://www.youtube.com/watch?v=yJHBNrPMTIE","291.0","8.0","8","crop=ih:ih:(iw-ih)/2:0","false","false","The stable human still shows the complete Warrior II posture at a glance. The app mirrors it for the second side, and no duplicate Warrior exercise exists in the catalog."
"611","Wide-Stance Hip Circles","Standing mobility","HipCircle","PelvicFloorAndPerineum","AbdominalWall|DeepAndIntersegmentalBack|GlutealExtensors|MajorHipAdductors|AccessoryHipAdductors|HipAbductors|DeepHipRotators","Continuous","Repetition","Motion","0","","wide-stance-hip-circles.mp4","https://www.youtube.com/watch?v=HuP64oSoaLk","20","6.5","8","crop=ih*4/3:ih:iw-ih*4/3:0","false","false","A standing human traces large pelvis circles from a symmetric wide stance, so the opposite direction can be shown cleanly without a conflicting side protocol."
"612","Standing Lateral Leg Lift","Bodyweight strength","HipAbduction","PelvicFloorAndPerineum","HipAbductors|GlutealExtensors|DeepHipRotators|CalfDeepPosteriorLegAndPlantarFoot","ScreenRightThenLeft","Repetition","Motion","0","612","","","","","","","","","The one-sided leg lift is plain and uses the timed-side protocol."
"613","Balance March","Balance training","BalanceMarch","PelvicFloorAndPerineum","HipFlexors|AnteriorLateralLowerLegAndDorsalFoot|CalfDeepPosteriorLegAndPlantarFoot|AbdominalWall","Continuous","Repetition","Motion","0","613","","","","","","","","","The clip clearly alternates knee lifts and brief balances."
"614","Alternating Reinforced Forearm Blocks","Martial-arts conditioning","ArmSweep","ForearmFlexorsAndPronators","ForearmExtensorsAndSupinators|ElbowFlexors|RotatorCuff|ScapularGirdle","Continuous","Repetition","Motion","0","","reinforced-forearm-blocks.mp4","https://www.youtube.com/watch?v=0OHIMRUTLv0","0.4","15.8","8","crop=ih:ih:(iw-ih)/2:0","false","false","The demonstrator alternates one large reinforced forearm block per side in a short repeating pattern. The arm path and supporting-hand contact are fully visible and copyable without specialist explanation."
"615","Hamstring Curl with Prayer Hands","Standing pelvic mobility","HamstringCurlPrayer","PelvicFloorAndPerineum","AbdominalWall|GlutealExtensors|SpinalExtensors|DeepAndIntersegmentalBack","Continuous","Repetition","Motion","0","","6P_JPNPgXig.mp4","https://www.youtube.com/watch?v=6P_JPNPgXig","1100","12","8","crop=ih:ih:(iw-ih)/2:0","false","false","A full human demonstration shows the complete named movement without equipment, support, jumping, travel outside three metres, or hidden resistance."
"616","Standing Overhead Chop","Standing mobility","DiagonalReach","PelvicFloorAndPerineum","AbdominalWall|ShoulderAdductorsAndExtensors|ScapularGirdle|DeepAndIntersegmentalBack","Continuous","Repetition","Motion","0","616","","","","","","","","","The clasped-hands overhead-to-front chop exactly matches the new name."
"618","High-Knee Side Reach","Standing pelvic mobility","HighKneeSideReach","PelvicFloorAndPerineum","PosteriorThighAndKneeFlexors|SpinalExtensors|DeepAndIntersegmentalBack|AbdominalWall|ShoulderAbductors","Continuous","Repetition","Motion","0","","6P_JPNPgXig.mp4","https://www.youtube.com/watch?v=6P_JPNPgXig","986","12","8","crop=ih:ih:(iw-ih)/2:0","false","false","A full human demonstration shows the complete named movement without equipment, support, jumping, travel outside three metres, or hidden resistance."
"619","Squat with Forward Scoop","Standing pelvic-floor movement","SquatReach","PelvicFloorAndPerineum","MedialAndDeepKneeExtensors|LateralKneeExtensors|GlutealExtensors|AbdominalWall","Continuous","Repetition","Motion","0","","gabi-standing-pelvic-floor.mp4","https://www.youtube.com/watch?v=yoh0uY01bQs","420","8","8","crop=ih:ih:(iw-ih)/2:0","false","false","A large squat and bilateral forward scoop from a standing pelvic-floor routine."
"625","Standing Roll-Down with Halfway Lift","Standing Pilates","RollDown","DeepAndIntersegmentalBack","SpinalExtensors|PosteriorThighAndKneeFlexors|AbdominalWall","Continuous","Repetition","Motion","0","","standing-pilates.mp4","https://www.youtube.com/watch?v=ASAWSZ3Zrns","118.0","22","8","crop=ih:ih:(iw-ih)/2:0","false","false","With hands behind her head, the demonstrator articulates down into a forward fold, lengthens to a flat-backed halfway lift, folds again, and rolls upright. A complete, visually self-contained roll-down cycle; unlike the catalog's retained hinges and forward-fold holds, the spinal articulation and halfway lift are the exercise."
"636","Curtsy-Lunge Hold","Bodyweight isometrics","CurtsyLungeHold","GlutealExtensors","MajorHipAdductors|AccessoryHipAdductors|MedialAndDeepKneeExtensors|LateralKneeExtensors|PosteriorThighAndKneeFlexors|AbdominalWall","ScreenRightThenLeft","Hold","Still","28","124","","","","","","","false","false","A full-body human settles into a deep cross-behind curtsy lunge while both hands remain off the floor; the second side is mirrored."
"647","Alternating Knee Lift with Overhead Reach","Bodyweight conditioning","KneeDrive","HipFlexors","AbdominalWall|ShoulderAbductors|ScapularGirdle","Continuous","Repetition","Motion","0","647","","","","","","","","","The retained human clip naturally alternates knee lifts while both arms reach overhead, exactly matching the plain name."
"649","Standing Bent-Knee Hip Abduction","Standing conditioning","HipAbductionBentKnee","HipAbductors","DeepHipRotators|GlutealExtensors","ScreenRightThenLeft","Repetition","Motion","0","","standing-bent-knee-hip-abduction.mp4","https://www.youtube.com/watch?v=_nDwMxCHLnA","6.05","3.75","8","crop=360:360:217:0","false","false","The unsupported full-body human visibly lifts one bent knee laterally and returns it while both hands stay on the hips; the crop keeps the complete body readable and the unused background bench is never touched."
"654","Side Leg Lift to Overhead Knee Drive","Standing strength and balance","LegLiftKneeDrive","HipAbductors","HipFlexors|GlutealExtensors|AbdominalWall|ShoulderAbductors|ScapularGirdle","ScreenRightThenLeft","Repetition","Motion","0","654","","","","","","","","","The retained one-sided human clip clearly cycles from a lateral leg lift with T arms to an upright knee drive with both arms overhead."
"677","Bent-Elbow Reverse-Fly Hold","Upper-back isometrics","ReverseFlyHold","ScapularGirdle","ShoulderAdductorsAndExtensors|RotatorCuff|ShoulderAbductors","Continuous","Hold","Still","33","","PJO1hQSMPT4.mp4","https://www.youtube.com/watch?v=PJO1hQSMPT4","125","3","8","crop=250:305:0:55","false","false","A tightly isolated full-body human holds both bent elbows open behind the torso line in a clear reverse-fly endpoint, without the prior group-shot ambiguity."
"678","Overhead Arm Figure Eight","Standing bodyweight conditioning","OverheadFigureEight","RotatorCuff","ShoulderAbductors|ScapularGirdle","Continuous","Repetition","Motion","0","","standing-tone-arms.mp4","https://www.youtube.com/watch?v=pWhJAwM4yeQ","334.8","30.2","8","crop=ih:ih:(iw-ih)/2:0","false","false","Both hands draw a continuous large figure eight above the head while the demonstrator makes small quiet side steps. Distinct from Large Arm Sweep Up and Down because the hands cross through a continuous overhead figure-eight path."
"681","Muay Thai Downward Elbow Strike","Muay Thai","MartialHand","ShoulderAdductorsAndExtensors","ElbowFlexors|AbdominalWall|ScapularGirdle|RotatorCuff","ScreenRightThenLeft","Repetition","Motion","0","","downward-elbow-strike-clear.mp4","https://www.youtube.com/watch?v=4qHSLUnix9E","33.25","5.5","10","crop=300:300:170:30","false","false","The tight full-body cut contains only repeated elbow chambers and downward strikes, removing the preceding instructional setup while retaining a solo human demonstration without equipment."
"683","Alternating Palm-Up Shoulder Rotations","Shoulder mobility","AlternatingPalmFlip","RotatorCuff","ShoulderAbductors|ScapularGirdle|Chest","Continuous","Repetition","Motion","0","","kfP_9z-BtmA.mp4","https://www.youtube.com/watch?v=kfP_9z-BtmA","286","24","8","crop=ih:ih:(iw-ih)/2:0","false","false","The literal name describes the visible alternating palm-up shoulder rotation without the opaque T-arm-flip wording."
"684","Karate Step-Through Cross-Elbow Strike","Karate","CrossElbowStrike","AbdominalWall","Chest|ShoulderAdductorsAndExtensors|DeepHipRotators","ScreenLeftThenRight","Repetition","Motion","0","","intermediate-hand-strikes.mp4","https://www.youtube.com/watch?v=A9KpZM_OScA","450.0","7.8","8","crop=ih:ih:(iw-ih)/2:0","false","true","The standing solo demonstrator completes the step, hip rotation, cross-elbow strike, and reset at workout cadence; the source is accelerated without omitting any phase of the exact quiet, equipment-free movement."
"685","Static-Stance Karate Reverse Punch","Karate","ReversePunch","ElbowExtensors","Chest|ShoulderAdductorsAndExtensors|ForearmFlexorsAndPronators|AbdominalWall","ScreenRightThenLeft","Repetition","Motion","0","","chuck-norris-private-lesson.mp4","https://www.youtube.com/watch?v=TIo6D2CO6uI","449.7","5.5","8","crop=ih:ih:(iw-ih)/2:0","false","false","A full human demonstration shows the complete named movement without equipment, support, jumping, travel outside three metres, or hidden resistance."
"686","Standing Knee-to-Chest Glute Stretch","Stretching","LegBalance","DeepHipRotators","GlutealExtensors","ScreenLeftThenRight","Hold","Still","50","","standing-knee-to-chest-glute-stretch.mp4","https://www.youtube.com/watch?v=ovgnoeaaZRI","5","8","8","crop=ih:ih:(iw-ih)/2:0","false","false","The full standing human balances on one foot and holds the opposite knee firmly toward the chest. The stable one-leg endpoint visibly combines a glute and deep-hip stretch with balance and is mirrored for the timed second side."
"687","Karate Middle Side Punch","Karate","SidePunch","ElbowExtensors","Chest|ShoulderAdductorsAndExtensors|ForearmFlexorsAndPronators|AbdominalWall","ScreenRightThenLeft","Repetition","Motion","0","","intermediate-hand-strikes.mp4","https://www.youtube.com/watch?v=A9KpZM_OScA","200.7","11.8","8","crop=ih:ih:(iw-ih)/2:0","false","false","The standing solo demonstrator completes both side-stance punches and resets at workout cadence; acceleration removes instructional slowness without omitting the quiet, equipment-free human movement."
"712","Standing Arms-Back Chest-Opener Hold","Standing mobility and stretching","ChestOpenerHold","Chest","ScapularGirdle|DeepAndIntersegmentalBack|ShoulderAdductorsAndExtensors","Continuous","Hold","Still","93","","thoracic-expansion-hold.mp4","https://www.youtube.com/watch?v=KdMNPH3XTuA","9","7","10","crop=ih:ih:(iw-ih)/2:0","false","false","Reviewed replacement: the exact human demonstration makes the standing arms-back chest-opening hold immediately copyable without equipment, support, or excess travel."
"743","Standing Large Arm Circles","Shoulder mobility","ArmCircle","RotatorCuff","ScapularGirdle|ShoulderAbductors|ShoulderAdductorsAndExtensors|Chest","Continuous","Repetition","Motion","0","","standing-backward-arm-circles.mp4","https://www.youtube.com/watch?v=X9qVOhj04fk","1,5","23","8","crop=ih:ih:(iw-ih)/2:0","false","false","The retained human clip clearly demonstrates large backward arm circles; Flux now follows it with an exact forward-circle phase."
"745","One-Arm Curl Against Other Hand","Self-resistance","ArmCurl","ElbowFlexors","ForearmFlexorsAndPronators|IntrinsicHand","ScreenLeftThenRight","Repetition","Motion","0","","self-resistance-arms.mp4","https://www.youtube.com/watch?v=W7J5S5KbSFY","54","7","8","crop=640:720:0:0","false","false","A close human demonstration visibly curls one palm-up forearm while the opposite hand presses against it. The literal name and moving contact make both the action and resistance immediately readable before the roles switch."
"816","Side-Step Overhead Reach","Standing core conditioning","SideStepOverheadReach","DeepAndIntersegmentalBack","AbdominalWall|SpinalExtensors|DeepHipRotators","Continuous","Repetition","Motion","0","","6P_JPNPgXig.mp4","https://www.youtube.com/watch?v=6P_JPNPgXig","589","12","8","crop=ih:ih:(iw-ih)/2:0","false","false","A full human demonstration shows the complete named movement without equipment, support, jumping, travel outside three metres, or hidden resistance."
"834","Diagonal Knee Drive with Overhead Pull","Standing upper-body conditioning","DiagonalKneeOverheadPull","ShoulderAdductorsAndExtensors","ScapularGirdle|ElbowFlexors|AccessoryHipAdductors|HipAbductors","Continuous","Repetition","Motion","0","","6P_JPNPgXig.mp4","https://www.youtube.com/watch?v=6P_JPNPgXig","305","12","8","crop=ih:ih:(iw-ih)/2:0","false","false","A full human demonstration shows the complete named movement without equipment, support, jumping, travel outside three metres, or hidden resistance."
"843","Arm-Behind-Back Assisted Side Neck Stretch","Clinical stretching","NeckStretch","AnteriorLateralNeckAndHyoidMuscles","PosteriorNeckAndSuboccipitalMuscles|ScapularGirdle","ScreenRightThenLeft","Hold","Still","50","","arm-behind-back-side-neck-stretch-clear.mp4","https://www.youtube.com/watch?v=tyCe3r1RTZ8","17","26","8","crop=ih:ih:(iw-ih)/2:0","false","false","Reviewed replacement: the standing human keeps one arm visibly behind the back while the opposite hand assists an ear-to-shoulder tilt. Both unequal arm roles and the stretched side remain readable in the mirrored still."
"845","Alternating Overhead Side Stretch","Standing mobility and stretching","OverheadSideStretch","ShoulderAdductorsAndExtensors","AbdominalWall|ScapularGirdle","Continuous","Repetition","Motion","0","","alternating-overhead-side-stretch.mp4","https://www.youtube.com/watch?v=gTEBlnqcJ2c","14","16","8","crop=ih:ih:(iw-ih)/2:0","false","false","A human alternates large overhead reaches and visible side bends without support, equipment, or hidden effort."
"971","Wide-Squat Alternating Knee Raise","Bodyweight conditioning","WideSquatKneeRaise","AccessoryHipAdductors","MajorHipAdductors|MedialAndDeepKneeExtensors|LateralKneeExtensors|GlutealExtensors|HipFlexors|HipAbductors|AbdominalWall","Continuous","Repetition","Motion","0","","wide-squat-alternating-knee-raise.mp4","https://www.youtube.com/watch?v=q25_8WU-yGw","0","32","8","crop=ih:ih:(iw-ih)/2:0","false","false","A clear unsupported human alternates a wide squat with left and right knee raises in one continuous cycle."
"986","Deep-Squat Side-to-Side Shift","Bodyweight conditioning","LateralShiftSquat","MajorHipAdductors","AccessoryHipAdductors|MedialAndDeepKneeExtensors|LateralKneeExtensors|GlutealExtensors|HipAbductors|AbdominalWall","Continuous","Repetition","Motion","0","","deep-squat-side-to-side-shift.mp4","https://www.youtube.com/watch?v=DKytsonD7JE","3","11.5","8","crop=480:360:80:0","false","false","The full-body human remains in a deep squat and visibly shifts weight from side to side without specialist cues."
"987","Wide-Plié Alternating Heel Lifts","Ballet conditioning","WidePlieAlternatingHeelLift","AccessoryHipAdductors","MajorHipAdductors|MedialAndDeepKneeExtensors|LateralKneeExtensors|GlutealExtensors|Soleus|CalfDeepPosteriorLegAndPlantarFoot","Continuous","Repetition","Motion","0","","wide-plie-alternating-heel-lifts.mp4","https://www.youtube.com/watch?v=wLzJ1kKucj0","7","22","8","crop=ih:ih:(iw-ih)/2:0","false","false","A full-body human visibly alternates heel lifts while maintaining a deep wide plié."
"996","Partial Pistol Squat","Calisthenics","PartialSingleLegSquat","MedialAndDeepKneeExtensors","LateralKneeExtensors|GlutealExtensors|HipFlexors|AbdominalWall|CalfDeepPosteriorLegAndPlantarFoot","ScreenLeftThenRight","Repetition","Motion","0","","pistol-squat.mp4","https://www.youtube.com/watch?v=H-8t44E0UxA","14.35","2.4","20","crop=ih:ih:(iw-ih)/2:0","true","false","A full-body human lowers to a clear partial pistol-squat depth and returns through an exact reversed path; only the planted foot contacts the floor, and Flux mirrors the reviewed side for the second phase."
"997","Bottom Pistol Squat Hold","Calisthenics","PistolSquatHold","LateralKneeExtensors","MedialAndDeepKneeExtensors|GlutealExtensors|HipFlexors|AbdominalWall|CalfDeepPosteriorLegAndPlantarFoot","ScreenLeftThenRight","Hold","Still","50","","pistol-squat.mp4","https://www.youtube.com/watch?v=H-8t44E0UxA","17","3","20","crop=ih:ih:(iw-ih)/2:0","false","false","A full-body human settles at the unsupported bottom pistol position with the free leg extended; the app holds the reviewed frame and mirrors it for the other side."
"998","Deep-Squat Thoracic Rotation","Deep-squat mobility","DeepSquatRotation","DeepAndIntersegmentalBack","AbdominalWall|DeepHipRotators|MajorHipAdductors|AccessoryHipAdductors|MedialAndDeepKneeExtensors|LateralKneeExtensors","Continuous","Repetition","Motion","0","","deep-squat-thoracic-rotations.mp4","https://www.youtube.com/watch?v=nwtq2DLip2E","0","11.6","10","crop=ih:ih:(iw-ih)/2:0","false","false","A full-body human remains in a full squat and naturally alternates obvious left and right overhead thoracic rotations without support or non-foot ground contact."
"999","Deep-Squat Walk","Deep-squat locomotion","DeepSquatWalk","LateralKneeExtensors","MedialAndDeepKneeExtensors|GlutealExtensors|MajorHipAdductors|AccessoryHipAdductors|HipAbductors|Soleus|CalfDeepPosteriorLegAndPlantarFoot","Continuous","Repetition","Motion","0","","deep-squat-walk.mp4","https://www.youtube.com/watch?v=CxpaehaicOA","5","15.5","10","crop=ih:ih:(iw-ih)/2:0","false","false","A full-body human stays low and takes controlled alternating steps inside a compact footprint; only the feet contact the floor and no equipment is used."
